id,for_user_id,round_id,item,idea_content,rater1,rater2,rater3,self
50001,1,2,rope,necklace,2,1,2,3
50002,1,2,rope,sculpture,2,2,2,3
50003,1,2,rope,used as pasta in a children's play,3,3,2,3
50004,1,2,rope,weave,2,2,2,3
50005,2,2,rope,climbing up trees  or other things,2,1,1,4
50006,2,2,rope,dangling something from a that has weight,1,1,1,5
50007,2,2,rope,exercising,2,1,1,5
50008,2,2,rope,hang someone,2,1,1,4
50009,2,2,rope,letting the be the and not mess with it,1,2,2,5
50010,2,2,rope,pulling an item with the,1,1,1,4
50011,2,2,rope,throwing a to reach something,1,2,1,4
50012,2,2,rope,trip someone,2,1,1,4
50014,3,2,rope,to hang thyself with,2,3,1,1
50015,3,2,rope,to hold in your hand as you walk down the aisle,2,3,2,5
50016,3,2,rope,to tie things together with it,1,1,1,1
50017,3,2,rope,to use it to hang up precious pictures of your 67 cats,3,5,5,5
50018,3,2,rope,to use to drag the small child you are supposed to be watching over around in the yard,2,3,4,4
50019,3,2,rope,to use to play with your dinosaur,2,2,3,5
50020,3,2,rope,to use to play with your dog,2,1,1,3
50021,3,2,rope,to use to play with your spider,2,2,2,4
50022,3,2,rope,to use to support your makeshift raft off the coast of France,3,3,4,4
50023,5,2,rope,cut into pieces for hair pieces for a little girl,3,3,2,2
50024,5,2,rope,playing a game called red rover,2,3,1,2
50025,5,2,rope,training a dog to jump,3,3,2,3
50026,5,2,rope,tug of war,1,1,1,1
50027,6,2,rope,play tug of war,1,1,1,1
50028,6,2,rope,use a makeshift handcuffs,2,2,1,3
50029,6,2,rope,use as a belt,2,1,1,5
50030,6,2,rope,use it to hold things together,1,1,1,2
50031,6,2,rope,use it to pull a car,2,1,1,1
50032,7,2,rope,a belt for dress up,2,1,1,4
50033,7,2,rope,jump,1,1,1,2
50034,7,2,rope,leash for stuffed animals,3,1,2,3
50035,7,2,rope,limbo,2,2,1,2
50036,7,2,rope,playing in a rodeo,2,1,1,3
50037,7,2,rope,pretend to be a gymnast  and use as a balance beam,3,3,2,4
50038,7,2,rope,scarf for dress up,3,2,2,4
50039,7,2,rope,tug war,1,1,1,2
50040,7,2,rope,tying yourself to another person,1,1,1,3
50041,8,2,rope,tie it to a  box and pull some one around,1,1,1,3
50042,9,2,rope,booby traps,2,2,1,4
50043,9,2,rope,jump,1,1,1,1
50044,9,2,rope,make a birds nest,5,3,2,3
50045,9,2,rope,making a fishing net,2,2,1,5
50046,9,2,rope,making a hammock,1,2,2,5
50047,9,2,rope,making a whip,2,1,1,2
50048,9,2,rope,making it look like a snake to scare people,2,2,2,3
50049,9,2,rope,placing it on a high tree and climbing it,2,1,1,2
50050,9,2,rope,playing helicopter,1,3,1,1
50051,9,2,rope,swing,2,1,1,3
50052,9,2,rope,Tarzan,1,1,2,2
50053,10,2,rope,ankle bracelet,2,2,2,5
50054,10,2,rope,belt,2,1,1,2
50055,10,2,rope,bow tie,3,2,2,5
50056,10,2,rope,bracelet,2,1,2,3
50057,10,2,rope,head band,2,1,2,3
50058,10,2,rope,jump,1,1,1,1
50059,10,2,rope,lasso,2,1,1,1
50060,10,2,rope,necklace,2,1,2,4
50061,10,2,rope,shirt,1,1,1,5
50062,10,2,rope,to tie someone up,2,1,1,1
50063,10,2,rope,weapon,1,1,1,1
50064,11,2,rope,as a border for a table,4,2,2,2
50065,11,2,rope,As a play toy for a cat,2,2,1,2
50066,11,2,rope,As a way to hang a scary figure in a closet on Halloween,2,3,3,4
50067,11,2,rope,Make it into a purse or hat,1,2,2,3
50068,12,2,rope,bag strap,3,2,1,4
50069,12,2,rope,bracelet,2,1,2,3
50070,12,2,rope,braided into wall art,3,2,2,5
50071,12,2,rope,curtain tie,2,2,2,3
50072,12,2,rope,decorating,1,1,1,5
50073,12,2,rope,dog leash,2,1,1,2
50074,12,2,rope,fishing,2,1,1,3
50075,12,2,rope,fringe the ends for cute tassels,3,3,2,5
50076,12,2,rope,hair bow,2,1,2,4
50077,12,2,rope,hang tire,2,1,1,2
50078,12,2,rope,making vases,3,3,2,5
50079,12,2,rope,necklace,2,1,2,3
50080,12,2,rope,picture hanger,2,2,2,3
50081,12,2,rope,pig leash,2,1,2,2
50082,12,2,rope,pull a wagon,3,1,1,2
50083,12,2,rope,restraint,2,1,1,2
50084,12,2,rope,ring,2,2,2,4
50085,12,2,rope,tool to learn how to braid,2,3,2,4
50086,13,2,rope,A bad hair piece,5,3,3,5
50087,13,2,rope,A stylish belt,2,1,1,2
50088,13,2,rope,An arm or leg accessory,1,1,1,2
50089,13,2,rope,Putting it around a cup like a coozy,5,3,2,4
50090,14,2,rope,anchoring objects to each  other,1,1,1,2
50091,14,2,rope,jump,1,1,1,3
50092,14,2,rope,leash,2,1,1,2
50093,14,2,rope,measuring,3,2,2,1
50094,14,2,rope,pendulum,3,3,2,3
50095,14,2,rope,pet snake,2,1,2,4
50096,14,2,rope,pulley,1,1,1,4
50097,14,2,rope,swing,2,1,1,4
50098,14,2,rope,traps,2,1,1,3
50099,14,2,rope,tug of war,1,1,1,2
50100,14,2,rope,whip,2,1,1,3
50101,15,2,rope,awful whip,3,1,1,4
50102,15,2,rope,Frey it  then tickle strangers,3,4,3,5
50103,15,2,rope,if I ever need to get out of a high floor of a building  I could zipline with it,3,2,1,4
50104,15,2,rope,jump,1,1,1,2
50105,15,2,rope,learn to lasso,2,1,1,3
50106,15,2,rope,thick shoestrings,2,1,1,3
50107,15,2,rope,tie myself to people I want to get to know better,4,3,3,4
50108,15,2,rope,tie things together,1,1,1,1
50109,17,2,rope,hair,2,1,2,1
50110,17,2,rope,jump,1,1,1,1
50111,17,2,rope,keychain,2,2,2,1
50112,17,2,rope,ladder,2,1,1,3
50113,17,2,rope,lasso,2,1,1,1
50114,17,2,rope,leash,2,1,1,4
50115,17,2,rope,noose,2,1,1,1
50116,17,2,rope,pulley,1,1,1,3
50117,17,2,rope,snake,2,1,2,1
50118,17,2,rope,tie,1,1,1,1
50119,18,2,rope,hair,2,1,2,5
50120,18,2,rope,jump,1,1,1,1
50121,18,2,rope,as a energy drink,1,2,1,5
50122,18,2,rope,as a ride to class,1,2,1,5
50123,18,2,rope,as an alarm clock,1,3,1,5
50124,18,2,rope,for hair,2,1,2,5
50125,18,2,rope,for tree,1,1,1,5
50126,18,2,rope,that will cook,1,1,1,5
50127,18,2,rope,that will wash clothes,3,2,1,5
50128,18,2,rope,to call people,2,1,1,5
50129,18,2,rope,to climb a bridge,2,1,1,3
50130,18,2,rope,to do my homework,1,1,1,5
50131,18,2,rope,to drive with,1,1,1,5
50132,18,2,rope,to fly in air,1,2,1,5
50133,18,2,rope,to polish my toenails,4,2,1,5
50134,18,2,rope,to pull things,1,1,1,5
50135,18,2,rope,to ride waves at the beach,1,3,1,5
50136,18,2,rope,to text others,1,2,1,5
50137,18,2,rope,to tie hair up,2,1,1,2
50138,18,2,rope,to turn the television channel,2,2,1,5
50139,18,2,rope,to type on the computer,1,1,1,5
50140,18,2,rope,to wash clothes,2,2,1,5
50141,18,2,rope,to write things down,1,2,2,5
50142,18,2,rope,tug war,1,1,1,1
50143,19,2,rope,a bowtie,3,2,2,5
50144,19,2,rope,a swing set in the bedroom,1,3,2,5
50145,19,2,rope,shoe lace,2,1,1,2
50146,19,2,rope,tear it to it smallest string and make a longer,3,1,2,5
50147,19,2,rope,to transport something from one distance to the next,2,1,1,3
50148,21,2,rope,blind fold someone,3,2,2,3
50149,21,2,rope,exercise tie legs together and move around,3,1,2,2
50150,21,2,rope,floss,3,2,4,5
50151,21,2,rope,grab items,2,1,1,1
50152,21,2,rope,hair bow,2,1,2,3
50153,21,2,rope,hair weave,2,2,2,4
50154,21,2,rope,pull a tooth,2,2,2,3
50155,21,2,rope,save a life,1,1,1,1
50156,21,2,rope,strap a sex partner down,2,1,2,4
50157,21,2,rope,whip someone,2,1,1,3
50158,22,2,rope,a braid,1,1,2,2
50159,22,2,rope,a burn it,2,1,2,2
50160,22,2,rope,a choker,2,1,2,3
50161,22,2,rope,a fake ponytail,3,3,2,2
50162,22,2,rope,a hair piece,2,1,2,3
50163,22,2,rope,a marker,3,2,1,2
50164,22,2,rope,a sex toy,2,1,2,5
50165,22,2,rope,a shoestring,2,1,2,1
50166,22,2,rope,a stick it in between your butt,2,1,3,5
50167,22,2,rope,a tease someone,1,2,2,5
50168,22,2,rope,fake underarm hair,4,4,5,3
50169,22,2,rope,to bite it,2,1,2,2
50170,22,2,rope,to catch stuff,1,1,1,1
50171,22,2,rope,to chew on it,2,1,2,2
50172,22,2,rope,to create a trap door,3,3,2,2
50173,22,2,rope,to diet,1,2,2,2
50174,22,2,rope,to leave a trail,3,2,2,2
50175,22,2,rope,to make more out of it,3,1,2,1
50176,22,2,rope,to pull stuff,1,1,1,1
50177,22,2,rope,to smack it with chalk,1,2,2,3
50178,22,2,rope,to tie things with it,1,1,1,1
50179,22,2,rope,to touch something that is out of reach,3,1,1,2
50180,22,2,rope,to whip someone with it,2,1,1,3
50181,23,2,rope,Practice your whip skills  like Indiana Jones,3,1,2,3
50182,23,2,rope,Pretend a is a snake,2,1,2,4
50183,23,2,rope,You can make a kite string from,2,3,1,2
50184,23,2,rope,You can make a swing out of some,2,1,1,2
50185,23,2,rope,You can make a wristband/necklace out of,2,1,2,3
50186,24,2,rope,arm or leg brace,4,2,2,3
50187,24,2,rope,bracelet,2,1,2,2
50188,24,2,rope,hair accessory,2,1,2,2
50189,24,2,rope,hitting the ground,1,1,1,4
50190,24,2,rope,jump,1,1,1,1
50191,24,2,rope,pulling a door open or shut,1,1,1,4
50192,24,2,rope,tying up books for school,1,2,1,3
50193,24,2,rope,using as a hat  head wrap,2,2,1,2
50194,24,2,rope,wearing as a belt,2,1,1,2
50195,24,2,rope,wrap around as clothes,3,1,2,2
50196,25,2,rope,as a belt,2,1,1,3
50197,25,2,rope,as decorations,2,1,1,4
50198,25,2,rope,ear rings,2,2,2,5
50199,25,2,rope,fashion,2,2,2,4
50200,25,2,rope,hair ties,2,1,2,5
50201,25,2,rope,head wear,2,1,2,5
50202,25,2,rope,rings,2,2,2,5
50203,25,2,rope,to make shoes,3,1,2,4
50204,25,2,rope,use as a dog leash,2,1,1,1
50205,25,2,rope,used for working out,2,1,1,3
50206,25,2,rope,used to be a fake tail,2,3,2,2
50207,25,2,rope,used to hang ear rings,2,3,2,5
50208,26,2,rope,belt,2,1,1,4
50209,26,2,rope,bracelet,2,1,2,4
50210,26,2,rope,clothes line,2,1,1,4
50211,26,2,rope,floss,3,2,4,4
50212,26,2,rope,jump,1,1,1,4
50213,26,2,rope,median,1,2,2,4
50214,26,2,rope,necklace,2,1,2,4
50215,26,2,rope,rock climbing,2,1,1,4
50216,26,2,rope,shoe lace,2,1,1,4
50217,26,2,rope,swing,2,1,1,4
50218,26,2,rope,trap,2,1,1,3
50219,26,2,rope,underwear,2,2,2,3
50220,27,2,rope,Building a swing,1,1,1,1
50221,27,2,rope,Jumping jacks,1,1,1,1
50222,27,2,rope,lasso,2,1,1,1
50223,27,2,rope,Mouse trap,3,3,2,3
50224,27,2,rope,Neck tie,3,2,2,5
50225,27,2,rope,Picking your nose,3,2,2,5
50226,27,2,rope,playing the violin,5,3,2,5
50227,27,2,rope,slingshot when the violin playing doesn't work out,4,3,4,5
50228,27,2,rope,Tie up a girl that wants it dirty in the bedroom,1,1,2,5
50229,27,2,rope,Tie up a little girl so she can not run away anymore,1,1,1,2
50230,27,2,rope,Tug of war,1,1,1,1
50231,28,2,rope,belt,2,1,1,3
50232,28,2,rope,bracelet,2,1,2,3
50233,28,2,rope,dog toy,2,1,1,3
50234,28,2,rope,lifesaver,2,1,1,5
50235,28,2,rope,necklace,2,1,2,3
50236,28,2,rope,restraint,2,1,1,4
50237,28,2,rope,shoestring,2,1,1,3
50238,28,2,rope,tool,1,1,1,4
50239,28,2,rope,weapon,1,1,1,4
50240,29,2,rope,cat scratcher,3,3,2,2
50241,29,2,rope,entertainment material play games with it,2,1,2,3
50242,29,2,rope,knitting supply,3,3,2,4
50243,29,2,rope,measurement material,3,2,2,5
50244,30,2,rope,a leash for the dog,2,1,1,1
50245,30,2,rope,climb a tree,2,1,1,3
50246,30,2,rope,climb out of house,2,1,1,3
50247,30,2,rope,jump,1,1,1,1
50248,30,2,rope,pretend you're a cowboy,2,2,1,3
50249,30,2,rope,swing like Tarzan,2,1,2,5
50250,30,2,rope,wear it as a belt,2,1,1,4
50251,31,2,rope,bed,2,1,2,3
50252,31,2,rope,book bag,1,2,1,3
50253,31,2,rope,cloth,4,1,2,3
50254,31,2,rope,computer or phone protector,2,3,2,5
50255,31,2,rope,exercise,2,1,1,1
50256,31,2,rope,flash drive,2,2,2,3
50257,31,2,rope,flying a kite,2,2,1,1
50258,31,2,rope,hair,2,1,2,3
50259,31,2,rope,jump,1,1,1,1
50260,31,2,rope,keyboard,1,2,1,4
50261,31,2,rope,ladder,2,1,1,3
50262,31,2,rope,make a dress,2,1,2,2
50263,31,2,rope,make ribbons,2,2,2,3
50264,31,2,rope,paper,3,1,2,3
50265,31,2,rope,pencils,1,2,2,3
50266,31,2,rope,pulling someone or something,1,1,1,1
50267,31,2,rope,scarf,3,2,2,3
50268,31,2,rope,tight people up,1,1,1,2
50269,32,2,rope,A belt,2,1,1,3
50270,32,2,rope,A form of handcuffs,2,1,1,5
50271,32,2,rope,A necklace,2,1,2,5
50272,32,2,rope,Hang someone,2,1,1,1
50273,32,2,rope,Jump roping,1,1,1,4
50274,32,2,rope,Pull a vehicle,2,1,1,2
50275,32,2,rope,Rodeo,2,1,1,1
50276,32,2,rope,Roping your rump,1,2,1,5
50277,32,2,rope,Telephone,2,1,2,5
50278,32,2,rope,Whip,2,1,1,2
50279,32,2,rope,Zip lining,2,1,1,3
50280,33,2,rope,You could use it for decoration  by maybe using it to frame a picture  or rap around some object,2,2,2,2
50281,34,2,rope,Attach feathers to it  tie it to a ceiling fan  and watch your cat go wild,5,5,2,3
50282,34,2,rope,Break it down to the individual fibers  and weave a piece of cloth,5,3,3,4
50283,34,2,rope,Bury it in the dirt or sand and pull it out to trip someone,3,2,2,4
50284,34,2,rope,Make a hula-hoop,3,3,2,4
50285,34,2,rope,Make a lasso,2,1,1,4
50286,34,2,rope,Scale a wall,2,1,1,2
50287,34,2,rope,Use it as a whip,2,1,1,1
50288,34,2,rope,Use it to measure the circumference of something,3,3,2,2
50289,34,2,rope,Use it to pull a rock or boulder over,2,1,1,2
50290,34,2,rope,Use it to shimmy up a tree,3,2,1,5
50291,34,2,rope,Use it to tickle someone,2,2,2,4
50292,34,2,rope,Wrap your forearms with for protection in martial combat,4,3,2,5
50293,35,2,rope,catching a horse,2,1,1,4
50294,35,2,rope,catching fish,3,1,1,4
50295,35,2,rope,choking,2,1,1,3
50296,35,2,rope,cut off circulation,2,1,2,3
50297,35,2,rope,handcuffs during sex,2,1,1,5
50298,35,2,rope,hanging ,2,1,1,3
50299,35,2,rope,kidnapping,2,1,1,3
50300,35,2,rope,mark starting points during a race,3,3,1,5
50301,35,2,rope,playing a game,1,1,1,4
50302,35,2,rope,pull someone,2,1,1,3
50303,35,2,rope,pull things back together,2,1,1,5
50304,35,2,rope,pulling someone,1,1,1,3
50305,35,2,rope,swinging,2,1,1,5
50306,35,2,rope,tie hands and feet during sex  trap,1,1,2,5
50307,35,2,rope,to measure a pregnant belly,3,3,4,5
50308,35,2,rope,to measure height,3,2,2,4
50309,35,2,rope,to measure width,2,2,2,4
50310,35,2,rope,tree houses,1,2,1,4
50311,36,2,rope,dog,1,1,1,4
50312,36,2,rope,latter,1,1,1,5
50313,36,2,rope,pull,2,1,1,3
50314,36,2,rope,swing,2,1,1,5
50315,36,2,rope,tie,1,1,1,3
50316,36,2,rope,tug of war,1,1,1,4
50317,37,2,rope,build bridge,2,2,2,3
50318,37,2,rope,drag things,2,1,1,2
50319,37,2,rope,hold things,1,1,1,2
50320,37,2,rope,hold things together,1,1,1,2
50321,37,2,rope,holding things,1,1,1,1
50322,37,2,rope,jumping,1,1,1,1
50323,37,2,rope,pulling,1,1,1,1
50324,37,2,rope,pulling,1,1,1,2
50325,37,2,rope,swinging,2,1,1,3
50326,37,2,rope,to climb things,2,1,1,1
50327,37,2,rope,travel,1,1,1,3
50328,37,2,rope,tying,1,1,1,1
50329,37,2,rope,walk on,2,1,1,3
50330,38,2,rope,for your mom,2,1,1,4
50331,38,2,rope,I could use it as a lasso and not have to get out of my chair,3,3,2,5
50332,38,2,rope,kinky sex,2,2,2,3
50333,38,2,rope,maybe a prank,1,2,1,4
50334,38,2,rope,maybe use it to climb my way out of class,3,3,2,5
50335,38,2,rope,on my friends mom to keep her in control,2,3,2,4
50336,38,2,rope,possibly the leash that I am on,4,1,2,3
50337,38,2,rope,to have my girlfriend tie me down with,1,3,2,3
50338,39,2,rope,a animal leash,2,1,1,2
50339,39,2,rope,play jump the creek,1,2,1,3
50340,39,2,rope,use it as a harness to climb something like a tree,3,1,1,3
50341,39,2,rope,use it as a swing,2,1,1,2
50342,40,2,rope,a Long to trip someone,2,1,1,1
50343,40,2,rope,A tied to a helicopter  which would be over a building and you be able to walk sideways on the 4 walls of the building,3,4,3,4
50344,40,2,rope,Tie a lot of bulls together in order to pull a mobile home,2,5,1,3
50345,42,2,rope,belt,2,1,1,2
50346,42,2,rope,drag something,2,1,1,3
50347,42,2,rope,fake tail,2,2,2,3
50348,42,2,rope,hair,2,1,2,3
50349,42,2,rope,hold down something while riding,2,1,1,2
50350,42,2,rope,net,2,1,1,3
50351,42,2,rope,shoe laces,2,1,1,3
50352,42,2,rope,whip,2,1,1,2
50353,43,2,rope,you can tie it to things and pull them around,2,1,1,3
50354,43,2,rope,you can use it to measure curved objects,3,2,2,5
50355,43,2,rope,you can use it to trace certain shapes,3,2,2,4
50356,44,2,rope,accessories,1,1,1,3
50357,44,2,rope,bondage,2,1,1,2
50358,44,2,rope,decoration,1,1,1,2
50359,44,2,rope,fishing,2,1,1,1
50360,44,2,rope,fuse/wick,3,3,2,1
50361,44,2,rope,jewelry,2,2,2,3
50362,44,2,rope,knitting,3,3,2,1
50363,44,2,rope,net,2,1,1,1
50364,44,2,rope,noose,2,1,1,1
50365,44,2,rope,splatter paint,3,3,2,4
50366,44,2,rope,stilts,2,3,2,1
50367,44,2,rope,tight,1,1,1,1
50368,44,2,rope,tin can phone,1,1,2,1
50369,44,2,rope,whip,2,1,1,2
50370,45,2,rope,help to decorate a room,2,2,2,3
50371,45,2,rope,outlining a picture frame,3,3,2,3
50372,46,2,rope,a pully to cut the lights on and off,1,3,1,5
50373,46,2,rope,device to slide from one place to the next,2,2,1,5
50374,46,2,rope,fridge opener,2,2,2,5
50375,47,2,rope,if you unravel it you could use it as kindling for a fire,3,3,2,5
50376,47,2,rope,you cold use it to jump or exercise,1,1,1,2
50377,47,2,rope,you could use as a leash,2,1,1,2
50378,47,2,rope,you could use it as a clothing accessory or belt,2,1,1,3
50379,47,2,rope,you could use it as a weapon,1,1,1,4
50380,47,2,rope,you could use it as leverage to move something heavy,2,2,1,4
50381,47,2,rope,you could use it to climb something,2,1,1,2
50382,47,2,rope,you could use it to put your hair up,2,2,2,3
50383,47,2,rope,you could use it to tie something of yours down so that it would not get stolen,2,2,1,3
50384,47,2,rope,you could use it to tie things together,1,1,1,1
50385,47,2,rope,you could use it to tie up something to swing on,2,1,1,2
50386,48,2,rope,as a scarf,3,2,2,4
50387,48,2,rope,dancing,1,1,2,4
50388,48,2,rope,dog leash,2,1,1,3
50389,48,2,rope,exercise,2,1,1,3
50390,48,2,rope,gym class,2,1,1,3
50391,48,2,rope,hanging,2,1,1,3
50392,48,2,rope,jump,1,1,1,3
50393,48,2,rope,leashing your child in public,2,1,1,4
50394,48,2,rope,pulling a car,1,1,1,4
50395,48,2,rope,pulling a wagon,2,1,1,3
50396,48,2,rope,tug of war,1,1,1,3
50397,48,2,rope,using it to fetch your remote  etc. across the room,2,3,1,4
50398,49,2,rope,become Tarzan and swing like a monkey from branch to branch,2,1,2,4
50399,49,2,rope,cut it into pieces and make a trail to where you are going so you will not get lost coming back,4,4,2,5
50400,49,2,rope,hit people with it,2,1,1,2
50401,49,2,rope,keep an animal in the yard,2,1,1,2
50402,49,2,rope,make jewelry,2,2,1,3
50403,49,2,rope,play games with it jump,1,1,1,3
50404,49,2,rope,tie different knots like in boy scouts,1,1,1,3
50405,49,2,rope,tie people up,1,1,1,2
50406,49,2,rope,tie to cars together and try to drive them away from each other to see if the or the bumper of the cars will break,2,3,1,5
50407,49,2,rope,unravel it,2,1,2,3
50408,50,2,rope,anchor,2,1,1,3
50409,50,2,rope,belt,2,1,1,3
50410,50,2,rope,hair band,2,1,2,3
50411,50,2,rope,hair tie,2,1,2,3
50412,50,2,rope,hold things together,1,1,1,3
50413,50,2,rope,instrument,2,2,2,5
50414,50,2,rope,pull people around with,2,1,1,2
50415,50,2,rope,teaching tool,1,1,2,3
50416,50,2,rope,tie,1,1,1,4
50417,50,2,rope,tie someone up with,1,1,1,2
50418,50,2,rope,whip,2,1,1,2
50419,51,2,rope,a belt,2,1,1,5
50420,51,2,rope,tie a box onto the top of the car,1,1,1,3
50421,51,2,rope,tie a little piece together and make a ring for your finger,2,2,2,5
50422,51,2,rope,to close an object,2,1,1,4
50423,51,2,rope,to gather cords together,2,2,1,5
50424,51,2,rope,to help you climb up and down something,2,1,1,4
50425,51,2,rope,to tie things together,1,1,1,3
50426,52,2,rope,Jump,1,1,1,1
50427,52,2,rope,leash for a dog,2,1,1,2
50428,52,2,rope,Section off space,2,1,1,2
50429,53,2,rope,A path reminder,3,3,1,1
50430,53,2,rope,Belt,2,1,1,2
50431,53,2,rope,Cut it up and use as  spaghetti noodles for a game of House,5,4,2,4
50432,53,2,rope,Light switch from the ceiling fan,2,1,2,3
50433,53,2,rope,Make a pair of underwear i.e. a thong,3,3,3,4
50434,53,2,rope,Scarf,3,2,2,3
50435,54,2,rope,a belt,2,1,1,5
50436,54,2,rope,A dog leash,2,1,1,3
50437,54,2,rope,a hair band,2,1,2,5
50438,54,2,rope,to hold a chair together,2,1,1,5
50439,54,2,rope,to hold the trunk of your car closed,2,2,2,2
50440,54,2,rope,To pull a car out of a ditch,2,2,1,3
50441,55,2,rope,attaching to four wheeler a sled,2,2,1,5
50442,55,2,rope,child safety,2,2,1,4
50443,55,2,rope,climbing,2,1,1,5
50444,55,2,rope,confine items on top of car,1,1,1,5
50445,55,2,rope,constrain items in bed of pick up truck,1,2,1,5
50446,55,2,rope,crafts,1,1,1,3
50447,55,2,rope,hangman's noose,2,4,1,5
50448,55,2,rope,hold things together,1,1,1,5
50449,55,2,rope,keep something in place,2,1,1,5
50450,55,2,rope,keeping a door closed,2,2,1,5
50451,55,2,rope,pulling something out that is stuck,1,1,1,5
50452,55,2,rope,swinging,2,1,1,5
50453,55,2,rope,tie items in trailer of tractor trailer,1,3,1,5
50454,55,2,rope,tie off an area,2,1,1,5
50455,55,2,rope,tug of war,1,1,1,5
50457,56,2,rope,you can tie the around a person and make them your pet,4,3,2,3
50458,56,2,rope,you can tie the to one door knob on one door  then another door knob on a different door and make two people try to open their door and pulling one shut its very entertaining,4,3,2,5
50459,56,2,rope,you can use the as a swing like you are Tarzan then you might end up getting hurt but that's ok,2,2,2,2
50460,57,2,rope,attaching two things together,1,1,1,2
50461,57,2,rope,jump,1,1,1,1
50462,57,2,rope,playing red rover,1,3,1,2
50463,57,2,rope,climbing,2,1,1,2
50464,57,2,rope,swing,2,1,1,2
50465,57,2,rope,tug of war,1,1,1,1
50468,58,2,rope,craft together a flower,3,3,2,4
50469,58,2,rope,for kids to hold on to when they are on a field trip so they don't get lost,3,2,2,3
50470,58,2,rope,measure somebody's height,3,2,2,1
50471,58,2,rope,tie it to a tree and use it to swing into the lake,2,1,1,2
50472,59,2,rope,bandage,3,2,2,3
50473,59,2,rope,fill in a hole,3,2,2,5
50474,59,2,rope,fishing,2,1,1,4
50475,59,2,rope,head band,2,1,2,5
50476,59,2,rope,hold stuff,1,1,1,1
50477,59,2,rope,phone,1,1,1,5
50478,59,2,rope,ring,2,2,2,5
50479,59,2,rope,ruler,3,2,2,3
50480,59,2,rope,scarf,3,2,2,5
50481,59,2,rope,to find something,1,1,1,5
50482,60,2,rope,in a dance,2,2,1,5
50483,60,2,rope,in a play,2,2,1,4
50484,60,2,rope,make a necklace,2,1,2,4
50485,60,2,rope,make carpet,4,2,2,4
50486,60,2,rope,make Jewry,2,2,1,4
50487,60,2,rope,phone case,1,2,2,5
50488,60,2,rope,play music with,2,2,1,5
50489,60,2,rope,shoe laces,2,1,1,3
50490,60,2,rope,show improvement,1,3,2,5
50491,60,2,rope,tie people together that are in a fight that needs solved,2,3,2,4
50492,60,2,rope,tug war,1,1,1,1
50493,60,2,rope,use as a party game,1,2,1,4
50494,60,2,rope,use for a belt,2,1,1,4
50495,60,2,rope,use for clothing,1,1,1,5
50496,60,2,rope,use on misbehaved children,2,2,1,3
50497,60,2,rope,wedding ring,2,3,2,4
50498,61,2,rope,belt,2,1,1,1
50499,61,2,rope,combine it with a box and make a backpack,4,4,2,5
50500,61,2,rope,fashion,2,2,2,5
50501,61,2,rope,measuring device,3,2,2,3
50502,61,2,rope,money,1,2,2,5
50503,61,2,rope,Toy,2,1,1,2
50504,62,2,rope,an anchor,2,1,1,4
50505,62,2,rope,currency,2,2,2,5
50506,62,2,rope,trap,2,1,1,3
50507,62,2,rope,whip,2,1,1,2
50508,63,2,rope,holding a boat down,1,1,1,4
50509,63,2,rope,jumping roping,1,1,1,2
50510,63,2,rope,keep something close,2,1,1,2
50511,63,2,rope,leash for a dog,2,1,1,4
50512,63,2,rope,mark your place in a book,3,3,2,4
50513,63,2,rope,pull from out the water,2,1,1,2
50514,63,2,rope,swinging from tree,2,1,2,4
50515,63,2,rope,swinging into the water,2,1,1,5
50516,63,2,rope,tie,1,1,1,1
50517,63,2,rope,tie cans together,1,1,2,4
50518,63,2,rope,tie something to the top of a car,1,1,1,5
50519,63,2,rope,walking the dog,2,1,1,5
50520,64,2,rope,If you disassemble the  then tie all the strings back together you could make a jump,2,2,2,5
50521,64,2,rope,If you tie it around you knuckles  you could use it to hit someone and leave a mark,3,3,1,4
50522,64,2,rope,Pretend that it is a whip and play as a superhero,2,2,2,3
50523,65,2,rope,making a necklace,2,1,2,2
50524,65,2,rope,to hold something together,1,1,1,1
50525,65,2,rope,to make a toy animal,3,2,2,4
50526,65,2,rope,use it as trim on your furniture,2,3,2,3
50527,66,2,rope,A can be used as a way to measure how much weight you've lost instead of using measuring tape As you make progress  mark or cut a slit into the  displaying how many inches you've lost,3,4,4,3
50528,66,2,rope,Within my dorm room  I could tie a from my bed post to the light switch Before I go to sleep  I can gently push down on the  causing it to turn the lights off without me having to get out of the bed,3,3,1,4
50529,67,2,rope,dog leash,2,1,1,1
50530,67,2,rope,friendship bracelets,2,2,2,2
50531,67,2,rope,hanging a picture,2,2,1,1
50532,67,2,rope,holding something together,1,1,1,1
50533,67,2,rope,line to hang clothes on,2,1,1,2
50534,67,2,rope,make a picture frame out of,3,2,2,4
50535,67,2,rope,making a cross,2,2,2,2
50536,67,2,rope,making a swing,2,1,1,2
50537,67,2,rope,of restricted area,2,2,1,2
50538,67,2,rope,use as a device to keep children in a line they hold on to the,2,3,2,2
50539,67,2,rope,use as a measuring tool,2,2,2,2
50540,67,2,rope,use for games,1,1,1,2
50541,67,2,rope,use to denote were something is placed or hung such as a picture on a wall,3,1,2,3
50542,68,2,rope,Belt,2,1,1,2
50543,68,2,rope,Bracelet,2,1,2,3
50544,68,2,rope,Carrier,1,1,1,3
50545,68,2,rope,Fishing Line,2,1,1,4
50546,68,2,rope,Headband,2,1,2,3
50547,68,2,rope,Leash,2,1,1,3
50548,68,2,rope,Necklace,2,1,2,3
50549,68,2,rope,Ring Object,2,2,2,3
50550,68,2,rope,Ruler,3,2,2,2
50551,68,2,rope,Ruler,3,2,2,2
50552,68,2,rope,Shoelace,2,1,1,3
50553,68,2,rope,Striking Object,1,1,1,2
50554,71,2,rope,cut it into pieces to create a work of art,2,2,1,5
50555,71,2,rope,make it into a necklace,2,1,2,3
50556,71,2,rope,play limbo,2,2,1,4
50557,71,2,rope,pull a car,2,1,1,3
50558,71,2,rope,to tie hair,1,1,2,4
50559,71,2,rope,use it as a jump,1,1,1,3
50560,72,2,rope,decorate,1,1,1,3
50561,72,2,rope,jump,1,1,1,3
50562,72,2,rope,measure,3,2,2,3
50563,72,2,rope,tie together,1,1,1,2
50564,72,2,rope,workout,2,1,1,5
50565,75,2,rope,A belt,2,1,1,2
50566,75,2,rope,A bowl,1,2,2,4
50567,75,2,rope,A hair tie,2,1,2,3
50568,75,2,rope,Earrings,2,2,2,3
50569,75,2,rope,Necklace,2,1,2,5
50570,75,2,rope,Rings,2,2,2,4
50571,75,2,rope,Sandals,4,2,2,5
50572,76,2,rope,belt,2,1,1,3
50573,76,2,rope,bracelet,2,1,2,4
50574,76,2,rope,braid,2,2,2,3
50575,76,2,rope,brush,4,2,2,3
50576,76,2,rope,dog toy,2,1,1,3
50577,76,2,rope,hair tie,2,1,2,3
50578,76,2,rope,jewelry,2,2,2,3
50579,76,2,rope,make a wallet,2,2,2,3
50580,76,2,rope,to make hair for a doll,3,2,2,5
50581,77,2,rope,boarder,2,2,1,5
50582,77,2,rope,exercise tool,2,1,1,4
50583,77,2,rope,lasso,2,1,1,2
50584,77,2,rope,whip,2,1,1,2
50585,78,2,rope,Draw or paint an abstract piece of art using a section of viewed close up,4,3,2,4
50586,78,2,rope,Place a piece of under a microscope and examine the fibers Then  you could try to represent what you see using objects to make a collage,3,4,2,5
50587,78,2,rope,Take the apart and use the individual strands as hair for a doll,4,3,3,4
50588,79,2,rope,belt,2,1,1,2
50589,79,2,rope,hair tie,2,1,2,4
50590,79,2,rope,leash,2,1,1,3
50591,79,2,rope,necklace,2,1,2,3
50592,79,2,rope,swing,2,1,1,1
50593,79,2,rope,tug of war,1,1,1,2
50594,79,2,rope,use to tie to a car and a sled and use for sledding,2,2,2,5
50595,80,2,rope,Hang it on a wall to divide it up,2,2,2,5
50596,80,2,rope,jump,1,1,1,2
50597,80,2,rope,us it for tug of war,1,1,1,2
50598,80,2,rope,use it as a dog toy,2,1,1,2
50599,80,2,rope,use it to tie a bouquet of flowers together,3,2,2,5
50600,80,2,rope,use it with your drapes around a window either to tie them back  or put a tassel on the end for decoration,2,2,2,5
50601,80,2,rope,Wear it as a headband,2,2,2,2
50602,80,2,rope,Wrap it around your waist  leg or arm as an accessory,2,1,1,5
50603,81,2,rope,Suspend your television from the ceiling,3,3,2,2
50604,81,2,rope,Use it to build a bridge across the chasm to escape enemies,4,3,3,3
50605,81,2,rope,Use it to climb a sheer cliff to escape an angry Yeti,4,3,3,5
50606,81,2,rope,Use it to help your friends climb out of the hole they just dug to trap a Heffalump,4,1,5,4
50607,81,2,rope,Use it to steal the idol  Indiana Jones style,2,2,2,3
50608,81,2,rope,Use the as reins for your dragon,5,3,4,4
50609,82,2,rope,bungy cord,2,1,1,3
50610,82,2,rope,lasso,2,1,1,1
50611,82,2,rope,leash,2,1,1,2
50612,82,2,rope,support,2,1,1,1
50613,82,2,rope,tie,1,1,1,1
50614,82,2,rope,tight,1,1,1,1
50615,82,2,rope,weapon,1,1,1,2
50616,82,2,rope,whip,2,1,1,1
50617,82,2,rope,zip line,2,1,1,2
50618,83,2,rope,cat toy,2,2,1,3
50619,83,2,rope,extension to a ceiling fan string,2,2,2,3
50620,83,2,rope,ghetto swing,3,3,2,4
50621,83,2,rope,hair bow,2,1,2,3
50622,83,2,rope,makeshift ladder,2,2,1,3
50623,83,2,rope,measuring things,3,2,2,2
50624,83,2,rope,put an old book back together,2,4,2,2
50625,83,2,rope,tie a toga around yourself,1,3,3,3
50626,83,2,rope,use it as a headband,2,1,2,2
50627,84,2,rope,headbands,2,1,2,4
50628,84,2,rope,can be used as bookbag strings instead of the normal ones,3,3,1,3
50629,84,2,rope,can be used as jewelry,2,1,1,2
50630,84,2,rope,take the apart and use the strings as pieces of hair,4,2,3,3
50631,84,2,rope,to hang picture frames,2,2,2,4
50632,85,2,rope,break each strand apart and create a wig,4,2,2,5
50633,85,2,rope,cut it up in equal length pieces and paint them red so I can trick someone into thinking it is licorice,5,5,3,5
50634,85,2,rope,make a lasso and catch a shark,3,1,2,4
50635,86,2,rope,hang a criminal,2,1,1,3
50636,86,2,rope,hang up items in the air,2,1,1,5
50637,86,2,rope,play jump,1,1,1,4
50638,86,2,rope,set up a swing,2,1,1,4
50639,86,2,rope,swing around a tree,2,1,1,4
50640,86,2,rope,tie things down,1,1,1,3
50641,86,2,rope,tie things together,1,1,1,3
50642,86,2,rope,use as a leash for a dog,2,1,1,5
50643,87,2,rope,belt,2,1,1,2
50644,87,2,rope,fishing rod,2,1,1,4
50645,87,2,rope,something to anchor you to something else,2,1,1,3
50646,87,2,rope,weapon,1,1,1,3
50647,88,2,rope,You can tie your keys to your belt so you wont loose them,3,3,1,2
50648,88,2,rope,You can use as a measuring device,2,2,2,2
50649,88,2,rope,you can use to hang a tv instead of on the wall,3,3,2,5
50650,88,2,rope,You can use the to tie up your hair,2,1,2,2
50651,88,2,rope,You can wrap the around your neck to keep warm,4,3,2,3
50652,88,2,rope,You can wrap your knuckles with before fighting,3,2,2,4
50653,89,2,rope,a bodily decoration,2,2,1,3
50654,89,2,rope,a container,1,2,2,3
50655,89,2,rope,a pillow,4,2,2,4
50656,89,2,rope,a strap for a remote,3,3,2,3
50657,89,2,rope,a whip,3,1,1,1
50658,91,2,rope,create boundaries,2,3,1,3
50659,91,2,rope,dog leash,2,1,1,2
50660,91,2,rope,kid leash,2,1,1,3
50661,91,2,rope,pull a sled,2,1,1,2
50662,91,2,rope,pull someone out a burning building,2,3,2,1
50663,91,2,rope,swing,2,1,1,2
50664,91,2,rope,transport objects to higher level,3,1,1,3
50665,92,2,rope,art,2,1,1,5
50666,92,2,rope,belt,2,1,1,3
50667,92,2,rope,clothing,2,1,2,5
50668,92,2,rope,curtain tie,2,2,2,5
50669,92,2,rope,headband,2,1,2,5
50670,92,2,rope,heart,1,2,1,5
50671,92,2,rope,necklace,2,1,2,5
50672,92,2,rope,take the and put lights around it and hang it up,5,4,2,5
50673,93,2,rope,Making spaghetti,2,2,4,3
50674,93,2,rope,Swing the around to transport you somewhere else,2,1,1,4
50675,93,2,rope,Use as a candle,2,3,3,1
50676,93,2,rope,Use as hair,2,1,2,1
50677,94,2,rope,bracelet,2,1,2,2
50678,94,2,rope,cut it in half and use it as dangly earrings,3,3,2,4
50679,94,2,rope,jump,1,1,1,2
50680,94,2,rope,make it a necklace,2,1,2,2
50681,94,2,rope,shoe string,2,1,1,2
50682,94,2,rope,take it a part and put it on a dummy and do its hair if you're a girl,4,3,2,5
50683,94,2,rope,take the and let someone hold one end and you hold the other end and hold it across the street so cars cant pass,3,3,3,4
50684,94,2,rope,use it as a belt,2,1,1,2
50685,94,2,rope,use it as a fishing pole,2,2,1,5
50686,94,2,rope,use it as a sex toy,2,2,2,3
50687,95,2,rope,cowboy impersonations,3,2,2,2
50688,95,2,rope,hostage situation,2,2,1,2
50689,95,2,rope,leash for children,2,1,1,3
50690,95,2,rope,sexual pleasure,2,1,2,2
50691,96,2,rope,Attach do your door knob for when you want to open the door just pull the as long as the door isn't closed all the way,2,3,1,3
50692,96,2,rope,Hang the on your wall in a design  get clothespins and hang pictures from them,2,2,2,5
50693,96,2,rope,Make a creative design on your wall with hangings,3,2,2,4
50694,96,2,rope,Measure things,3,2,2,1
50695,97,2,rope,Indiana jones thing,2,1,2,3
50696,97,2,rope,lock something,2,1,1,3
50697,97,2,rope,throw down your window,1,2,1,3
50698,97,2,rope,tie someone up,1,1,1,2
50699,97,2,rope,to chew on,2,1,2,3
50700,97,2,rope,to choke yourself with,2,1,1,3
50701,97,2,rope,to drag something with,1,1,1,3
50702,97,2,rope,to hang stuff with,1,1,1,2
50703,97,2,rope,to hit someone with,2,1,1,3
50704,97,2,rope,to mark your territory,3,3,1,3
50705,97,2,rope,to play with,1,1,1,3
50706,97,2,rope,to pull on,1,1,1,2
50707,97,2,rope,to tie something with,1,1,1,2
50708,97,2,rope,to un-braid the,3,2,1,3
50709,97,2,rope,to wear around your waist,2,1,1,3
50710,97,2,rope,to wear in your hair,2,1,2,3
50711,97,2,rope,tug of war,1,1,1,3
50712,97,2,rope,use to hold something together,1,1,1,2
50713,98,2,rope,boat,1,1,1,5
50714,98,2,rope,brown,1,1,1,3
50715,98,2,rope,cattle,1,1,1,5
50716,98,2,rope,danger,1,1,1,5
50717,98,2,rope,get me out of here,1,1,1,5
50718,98,2,rope,guide,2,1,1,5
50719,98,2,rope,horse,1,1,1,5
50720,98,2,rope,I cant move,1,1,1,5
50721,98,2,rope,leave,1,1,1,4
50722,98,2,rope,long,1,1,1,2
50723,98,2,rope,mountain,1,1,1,5
50724,98,2,rope,need  help,2,1,1,5
50725,98,2,rope,no fun,1,1,1,5
50726,98,2,rope,pull,2,1,1,5
50727,98,2,rope,pulling for sport,1,1,1,5
50728,98,2,rope,rare,1,1,1,5
50729,98,2,rope,rock climb,2,1,1,5
50730,98,2,rope,skateboard,1,2,1,5
50731,98,2,rope,strong,1,1,1,5
50732,98,2,rope,stuck in mud,1,1,1,5
50733,98,2,rope,the rush rock climbing wall,1,1,1,5
50734,98,2,rope,throw,1,1,1,3
50735,98,2,rope,tie,1,1,1,5
50736,98,2,rope,tire,1,2,2,5
50737,98,2,rope,tug of war,1,1,1,5
50738,98,2,rope,water jump,1,2,2,5
50739,98,2,rope,water ski,1,2,2,5
50746,100,2,rope,ball,3,2,2,5
50747,100,2,rope,belt,2,1,1,2
50748,100,2,rope,bookbag strap,3,2,1,4
50749,100,2,rope,bracelet,2,1,2,3
50750,100,2,rope,confetti,4,3,2,4
50751,100,2,rope,dog leash,2,1,1,2
50752,100,2,rope,hair bow,2,2,2,3
50753,100,2,rope,handcuffs,2,2,1,3
50754,100,2,rope,necklace,2,1,2,3
50755,100,2,rope,shoestring,2,1,1,3
50756,101,2,rope,a puzzle,3,3,2,5
50757,101,2,rope,a skirt,1,2,2,2
50758,101,2,rope,a steering wheel,3,3,2,4
50759,101,2,rope,a swimming pool,1,1,1,3
50760,101,2,rope,a way of transportation,4,1,1,5
50761,101,2,rope,basement,1,1,1,4
50762,101,2,rope,maze,3,3,2,4
50763,101,2,rope,sink,1,1,1,5
50764,101,2,rope,vending,1,2,1,1
50765,102,2,rope,belt,2,1,1,1
50766,102,2,rope,jump,1,1,1,1
50767,102,2,rope,knotted to close something,2,1,1,2
50768,102,2,rope,necklace,2,1,2,2
50769,102,2,rope,swing,2,1,1,1
50770,102,2,rope,tie around two people's ankles walk together,1,1,2,2
50771,102,2,rope,tug of war,1,1,1,1
50772,103,2,rope,Make something geometric to hang on an interior or exterior wall,2,2,2,3
50773,103,2,rope,You could make a flower pot out of them by coiling it around something for its initial shape then use it as a flower pot or a trash can for that matter,3,4,2,4
50774,103,2,rope,You could make a giant spider web of sorts for your children to play on  for you to play on  or for you to use during Halloween,4,3,3,4
50775,103,2,rope,You could make a jungle gym with them outside,2,2,2,3
50776,103,2,rope,You could make clothing out of it A simple top or bottom,2,1,2,4
50777,103,2,rope,You could take the and hang your pictures around the room with them or decorative items,2,2,2,3
50778,104,2,rope,belt,2,1,1,1
50779,104,2,rope,hanger,2,2,1,3
50780,104,2,rope,jump,1,1,1,2
50781,104,2,rope,leash,2,1,1,2
50782,104,2,rope,weapon,1,1,1,2
50783,105,2,rope,Anchor On Boat,2,1,1,3
50784,105,2,rope,Belt,2,1,1,5
50785,105,2,rope,blind pull back,3,1,2,3
50786,105,2,rope,Blocking off Places,2,2,1,2
50787,105,2,rope,Crafts,1,1,1,5
50788,105,2,rope,Dog Leash,2,1,1,4
50789,105,2,rope,Hair Tie,2,1,2,5
50790,105,2,rope,handcuffs,2,2,1,2
50791,105,2,rope,Lasso,2,1,1,1
50792,105,2,rope,Measuring,3,2,2,3
50793,105,2,rope,pull someone on skateboard or something,2,2,2,5
50794,105,2,rope,Swing,2,1,1,2
50795,105,2,rope,threat,1,1,1,1
50796,105,2,rope,Tying books together like a satchel,3,2,1,3
50797,106,2,rope,cut it up and use the pieces to create a picture,3,2,2,5
50798,106,2,rope,use it as a jump,1,1,1,1
50799,106,2,rope,use it as a lasso to catch an animal,2,1,1,3
50800,106,2,rope,use it as a leash for your dog,2,1,1,5
50801,106,2,rope,use it as a separation in a room that you shar,2,3,1,4
50802,106,2,rope,use it to keep something in place,1,1,1,2
50803,106,2,rope,use it to strangle something,2,1,1,3
50804,106,2,rope,use it to tie things together,1,1,1,1
50805,106,2,rope,you can unwind the if it is made of twill and use it for curly decoration,3,3,2,5
50806,106,2,rope,you can use it to suspend things from high places,2,1,1,3
50807,107,2,rope,Belt,2,1,1,1
50808,107,2,rope,Decoration,1,1,1,3
50809,107,2,rope,Picture Frame,2,3,2,4
50810,107,2,rope,basket,2,3,1,3
50811,107,2,rope,belly button ring,2,2,2,5
50812,107,2,rope,bikini bottoms,3,2,2,5
50813,107,2,rope,bikini top,3,2,2,5
50814,107,2,rope,Blanket,2,2,2,5
50815,107,2,rope,bracelet,2,1,2,5
50816,107,2,rope,carpet,3,2,2,5
50817,107,2,rope,chair back,2,2,2,5
50818,107,2,rope,dress,1,1,2,5
50819,107,2,rope,earrings,2,1,2,5
50820,107,2,rope,hair,2,2,2,3
50821,107,2,rope,mail box,1,1,2,5
50822,107,2,rope,necklace,2,1,2,5
50823,107,2,rope,ring,2,2,2,3
50824,107,2,rope,shoes,2,1,2,5
50825,107,2,rope,toe ring,2,2,2,3
50826,107,2,rope,walls to a house,2,1,2,5
50827,108,2,rope,a blockade,2,1,1,3
50828,108,2,rope,basketball nets,1,1,2,3
50829,108,2,rope,creating a catapult,3,3,2,3
50830,108,2,rope,for a sail,2,2,1,3
50831,108,2,rope,holding back crowds,2,2,2,3
50832,108,2,rope,Indiana jones whip,2,1,2,3
50833,108,2,rope,noose,2,1,1,3
50834,108,2,rope,overalls,3,2,2,3
50835,108,2,rope,swing,2,1,1,2
50836,108,2,rope,sling shot,3,2,2,3
50837,108,2,rope,tug of war,1,1,1,2
50838,108,2,rope,used as a belt,2,1,1,2
50839,108,2,rope,wristbands,2,1,2,3
50840,109,2,rope,bracelet,2,1,2,2
50841,109,2,rope,ladder,2,1,1,3
50842,109,2,rope,swing,2,1,1,3
50843,109,2,rope,toy for pets,2,1,1,4
50844,110,2,rope,make a shoe out of,3,1,2,5
50845,110,2,rope,necklace,2,1,2,2
50846,110,2,rope,tie a hammer on the end of the and use it as a weapon,3,2,2,5
50847,110,2,rope,to hang for decoration in the house for curtains,2,3,2,3
50848,110,2,rope,use the as if it was a line and make art with the,2,1,2,5
50849,111,2,rope,belt,2,1,1,2
50850,111,2,rope,bracelet,2,1,2,2
50851,111,2,rope,carrying case,1,2,1,5
50852,111,2,rope,divider,2,1,1,1
50853,111,2,rope,eating utensil,2,2,2,4
50854,111,2,rope,glove,2,1,2,5
50855,111,2,rope,handle,3,1,1,3
50856,111,2,rope,hat,2,1,2,3
50857,111,2,rope,measurement of speed,3,2,2,2
50858,111,2,rope,nun chucks,4,3,2,4
50859,111,2,rope,propeller,4,2,2,5
50860,111,2,rope,sports equipment,1,1,1,2
50861,111,2,rope,stress reliever,1,3,2,3
50862,112,2,rope,a pretend snake,2,1,2,2
50863,112,2,rope,a pretend snail,2,3,2,2
50864,112,2,rope,to enslave someone,2,1,1,2
50865,112,2,rope,to exercise,2,1,1,2
50866,112,2,rope,to hold things together,1,1,1,2
50867,112,2,rope,to jump,1,1,1,2
50868,112,2,rope,to play,1,1,1,2
50869,113,2,rope,dog toy,2,1,1,3
50870,113,2,rope,measuring tool,3,2,2,3
50871,113,2,rope,spelling letters out,2,3,2,4
50872,113,2,rope,tie a knot with a to keep a box or some type of storage unit closed,1,1,1,3
50873,114,2,rope,belt,2,1,1,2
50874,114,2,rope,hair tie,2,1,2,2
50875,114,2,rope,hang decor,2,1,2,3
50876,115,2,rope,strap someone to a chair,2,1,1,3
50877,115,2,rope,tie a girl to the bed,1,1,2,3
50878,115,2,rope,tie a guy to the bed,1,1,2,5
50879,115,2,rope,tie a knot,1,1,1,3
50880,115,2,rope,tie someone's ankles to it,1,1,1,3
50881,115,2,rope,tie someone's wrists together,1,1,1,3
50882,115,2,rope,to tie a bag together,2,1,1,3
50883,115,2,rope,use for tug of war,1,1,1,3
50884,115,2,rope,use it as a weapon,1,1,1,3
50885,115,2,rope,use it in a woodshop experiment,1,2,2,3
50886,115,2,rope,wrap it around someone's mouth,1,2,2,3
50887,116,2,rope,belt,2,1,1,2
50888,116,2,rope,bondage fun,2,1,2,4
50889,116,2,rope,capture people,2,1,1,2
50890,116,2,rope,cheap wig,2,2,2,4
50891,116,2,rope,clothesline,2,1,1,1
50892,116,2,rope,fake snake,2,1,2,2
50893,116,2,rope,giant's shoelaces,5,2,2,4
50894,116,2,rope,harness,4,1,1,2
50895,116,2,rope,potential zipline,3,1,1,4
50896,116,2,rope,strangling things,2,1,1,2
50897,116,2,rope,underbudget whip,4,1,2,3
50898,117,2,rope,ankle bracelet,2,2,2,2
50899,117,2,rope,key chain,2,2,2,4
50900,117,2,rope,measuring tool,3,2,2,3
50901,117,2,rope,necklace,2,1,2,2
50902,117,2,rope,shoe lace,2,1,1,2
50903,117,2,rope,to hold down things,2,1,1,1
50904,117,2,rope,whip,2,1,1,3
50905,117,2,rope,wrist band,2,1,2,2
50906,118,2,rope,decoration,1,1,1,3
50907,118,2,rope,hang from,1,1,1,1
50908,118,2,rope,separate a room or area,2,2,1,1
50909,118,2,rope,tie one end it to a moving object bike  golf cart  then hang on to the other and let it pull you around,2,2,1,4
50910,118,2,rope,tug of war,1,1,1,1
50911,118,2,rope,use it for distance,2,1,2,1
50912,118,2,rope,use it to hang a sheet over it to dry it,2,1,2,1
50913,119,2,rope,arts and crafts,1,1,1,4
50914,119,2,rope,Clothing,2,1,2,5
50915,119,2,rope,dancing,1,1,2,5
50916,119,2,rope,hanging,2,1,1,2
50917,119,2,rope,jewelry,2,2,2,4
50918,119,2,rope,team building exercises,1,3,1,4
50919,119,2,rope,weapon,1,1,1,4
50920,119,2,rope,wedding ceremony,2,2,2,5
50921,121,2,rope,make it into a lasso,2,1,1,3
50922,121,2,rope,make it into some sort of jewelry,1,2,1,4
50923,121,2,rope,tie it in between two trees and make it into a tightrope,3,1,1,3
50924,121,2,rope,use it as a belt,2,1,1,5
50925,121,2,rope,use it as a boarder to a painting,3,3,2,5
50926,121,2,rope,use it as a system of measurement,2,2,2,4
50927,122,2,rope,belt,2,1,1,3
50928,122,2,rope,bracelet,2,1,2,2
50929,122,2,rope,guitar strap,3,3,2,5
50930,122,2,rope,headband,2,1,2,3
50931,122,2,rope,jump,1,1,1,2
50932,122,2,rope,keep the car trunk shut,2,2,1,5
50933,122,2,rope,knot,2,1,1,1
50934,122,2,rope,lasso,2,1,1,2
50935,122,2,rope,necklace,2,1,2,2
50936,122,2,rope,noose,2,1,1,3
50937,122,2,rope,shoelace,2,1,1,3
50938,122,2,rope,suspender,3,3,1,4
50939,123,2,rope,accessory,1,1,1,4
50940,123,2,rope,anchor,2,1,1,3
50941,123,2,rope,arrest,1,1,1,4
50942,123,2,rope,belt,2,1,1,3
50943,123,2,rope,bows,2,2,1,5
50944,123,2,rope,decoration,1,1,1,4
50945,123,2,rope,fish,2,1,1,5
50946,123,2,rope,hanging,2,1,1,2
50947,123,2,rope,holding someone up rock climbing,2,1,1,3
50948,123,2,rope,leash,2,1,1,3
50949,123,2,rope,needle,2,1,2,5
50950,123,2,rope,obtaining an object,2,1,1,4
50951,123,2,rope,pulling objects,1,1,1,3
50952,123,2,rope,shoe laces,2,1,1,2
50953,123,2,rope,string,2,1,1,4
50954,123,2,rope,tie knots,1,1,1,1
50955,123,2,rope,tug of war,1,1,1,3
50956,123,2,rope,weapon whip,2,1,1,3
50957,124,2,rope,belt,2,1,1,2
50958,124,2,rope,necklace,2,1,2,1
50959,124,2,rope,rug,3,2,2,1
50960,124,2,rope,swing,2,1,1,1
50961,126,2,rope,a swing,1,1,1,4
50962,126,2,rope,execution,2,1,1,2
50963,126,2,rope,finish line,2,2,1,5
50964,126,2,rope,jump,1,1,1,3
50965,126,2,rope,make letters,1,2,2,4
50966,126,2,rope,tie up somebody,1,1,1,3
50967,126,2,rope,tug a war,1,1,1,3
50968,126,2,rope,whip,2,1,1,4
50969,128,2,rope,you can line you comforter with it as a accent piece,3,4,2,2
50970,128,2,rope,you can use in a pair of jeans by pulling the apart into pieces and integrating it into a pattern,3,4,2,5
50971,128,2,rope,you can use it as a belt,2,1,1,1
50972,128,2,rope,you can use it as a necklace,2,1,2,1
50973,128,2,rope,you can use it to drape around your ceiling fan to create a sea voyage theme,3,5,2,4
50974,129,2,rope,anchor,2,1,1,3
50975,129,2,rope,crane,2,2,2,1
50976,129,2,rope,exercise,2,1,1,2
50977,129,2,rope,fence,3,2,1,5
50978,129,2,rope,hair tie,2,1,2,4
50979,129,2,rope,hold things together,1,1,1,2
50980,129,2,rope,horse driver,2,2,1,3
50981,129,2,rope,jewelry,2,2,2,4
50982,129,2,rope,ladder,2,1,1,3
50983,129,2,rope,lasso,2,1,1,2
50984,129,2,rope,pulley,1,1,1,1
50985,129,2,rope,punishment,1,1,1,1
50986,129,2,rope,weapon,1,1,1,1
50987,129,2,rope,winch,2,1,1,2
50988,130,2,rope,to catch a thief,2,2,1,4
50989,130,2,rope,to cause damage to one's self,1,1,1,2
50990,130,2,rope,to choke someone with,2,1,1,2
50991,130,2,rope,to climb down anything with,2,1,1,2
50992,130,2,rope,to entertain yourself by tying a knot,1,2,1,2
50993,130,2,rope,to get someone out of a hole,2,2,2,2
50994,130,2,rope,to hit someone with,2,1,1,3
50995,130,2,rope,to hold limbs broken appendages together until one can receive medical care,3,3,2,4
50996,130,2,rope,to tie something together,1,1,1,2
50997,130,2,rope,to use as a fire starter,4,2,2,3
50998,131,2,rope,belt,2,1,1,3
50999,131,2,rope,fill a pinata with,2,3,3,5
51000,131,2,rope,outline for hopscotch,4,3,2,4
51001,131,2,rope,streamers,4,2,2,3
51002,131,2,rope,tie it to a door handle of a public restaurant and pull the door open for people,3,4,2,5
51003,131,2,rope,wig,2,2,2,3
51004,132,2,rope,belt,2,1,1,2
51005,132,2,rope,headband,2,1,2,5
51006,132,2,rope,lock,2,1,1,5
51007,132,2,rope,necklace,2,1,2,4
51008,132,2,rope,ring,2,2,2,5
51009,134,2,rope,eraser,2,2,2,5
51010,134,2,rope,exercise machine,2,1,1,4
51011,134,2,rope,gripping things,3,1,1,3
51012,134,2,rope,hanging upside down,2,2,1,3
51013,134,2,rope,holding things down,1,1,1,3
51014,134,2,rope,lasso,2,1,1,2
51015,134,2,rope,leash,2,1,1,3
51016,134,2,rope,lifting weights,2,1,2,3
51017,134,2,rope,pet snake,2,1,2,4
51018,134,2,rope,practicing acrobatics,2,2,1,3
51019,134,2,rope,remote control,2,2,2,5
51020,134,2,rope,swinging from city to city,2,1,4,5
51021,134,2,rope,toy,2,1,1,3
51022,134,2,rope,transportation,1,1,1,3
51023,134,2,rope,weapon,1,1,1,2
51024,134,2,rope,whip,2,1,1,3
51025,135,2,rope,book mark,4,3,2,1
51026,135,2,rope,bracelet,2,1,2,4
51027,135,2,rope,cat toy,2,2,1,1
51028,135,2,rope,decorations,1,1,1,1
51029,135,2,rope,dress,2,1,1,3
51030,135,2,rope,pet,1,1,1,3
51031,135,2,rope,shoe lace,2,1,1,1
51032,136,2,rope,belt,2,1,1,5
51033,136,2,rope,bondage during sex,2,1,2,4
51034,136,2,rope,bondage for torture,2,1,1,4
51035,136,2,rope,clothes line,2,1,1,3
51036,136,2,rope,hammock,1,2,2,4
51037,136,2,rope,hang people,2,1,1,1
51038,136,2,rope,jump,1,1,1,1
51039,136,2,rope,lasso,2,1,1,2
51040,136,2,rope,tie things together,1,1,1,1
51041,136,2,rope,tree swing,1,1,1,3
51042,136,2,rope,trip people,2,1,1,5
51043,136,2,rope,tug a war,1,1,1,2
51044,136,2,rope,walk a dog,2,1,1,1
51045,136,2,rope,whip,2,1,1,3
51046,137,2,rope,Frame,3,2,2,3
51047,137,2,rope,Fuse,3,3,2,1
51048,137,2,rope,Give texture to a wall/art,2,2,2,3
51049,137,2,rope,Hair extensions,2,2,3,4
51050,137,2,rope,Headband,2,1,2,2
51051,137,2,rope,Light fixture,2,1,2,4
51052,137,2,rope,Material for clothing,4,2,2,3
51053,137,2,rope,Scrunchie,2,2,2,2
51054,137,2,rope,Vase,3,2,2,4
51055,137,2,rope,whip,2,1,1,2
51056,138,2,rope,a belt,2,1,1,2
51057,138,2,rope,a dress made of,2,1,2,3
51058,138,2,rope,a ladder,2,1,1,2
51059,138,2,rope,a swing,1,1,1,1
51060,138,2,rope,a seatbelt,3,2,2,1
51061,138,2,rope,shoelaces,2,1,1,1
51062,138,2,rope,tie the to the back of a car and ride on a skateboard while holding onto the,2,3,2,3
51063,138,2,rope,tug of war,1,1,1,1
51064,139,2,rope,Belt,2,1,1,2
51065,139,2,rope,Hair Tie,2,1,2,2
51066,139,2,rope,Handcuffs,2,2,1,3
51067,139,2,rope,Light Bulb Holder,2,1,2,4
51068,139,2,rope,Shoe String,2,1,1,3
51069,140,2,rope,belt,2,1,1,3
51070,140,2,rope,glue it around the frame of a picture,2,3,2,3
51071,140,2,rope,hang it from the ceiling and climb it for exercise,2,2,1,5
51072,140,2,rope,jump,1,1,1,1
51073,140,2,rope,lasso,2,1,1,1
51074,140,2,rope,necklace,2,1,2,2
51075,140,2,rope,tie it to a tire and tree for a tire swing,1,1,1,3
51076,140,2,rope,tie it to a tree and swing off it into a lake,2,1,1,4
51077,140,2,rope,wrap it around a vase for decoration,3,2,2,4
51078,141,2,rope,create art,2,1,1,4
51079,141,2,rope,floss your teeth,3,2,4,2
51080,141,2,rope,make a swing,2,1,1,4
51081,141,2,rope,make bracelets,2,1,2,4
51082,141,2,rope,seal open bags shut,3,2,1,1
51083,141,2,rope,soap on a,2,2,1,3
51084,141,2,rope,tie to a door knob so you won't have to get up to closed the door,2,3,1,4
51085,141,2,rope,use as a shoe string if small enough,2,1,2,3
51086,141,2,rope,use as belt,2,1,1,4
51087,142,2,rope,climbing down a high object,2,1,1,2
51088,142,2,rope,draping across a room for decoration,2,2,2,5
51089,142,2,rope,Playing Tug of war,1,1,1,3
51090,142,2,rope,Swinging from trees,2,1,2,5
51091,143,2,rope,Use it to pull a prank on people by for example tying someone's bikes together,2,2,2,3
51092,143,2,rope,Wind it several times around your torso and wear it as a tube top,4,5,2,3
51093,146,2,rope,dangling things,2,1,1,1
51094,146,2,rope,jump,1,1,1,2
51095,146,2,rope,noose,2,1,1,2
51096,146,2,rope,tight walking,1,1,1,2
51097,146,2,rope,tripping people,2,1,1,3
51099,146,2,rope,tying to doors together so neither can be opened,3,2,1,3
51100,146,2,rope,unwinding strands and tying them at ends to make the longer,2,2,2,3
51101,147,2,rope,as a blocker you cannot get in unless someone moves the,2,1,1,1
51102,147,2,rope,as a burn,2,1,2,4
51103,147,2,rope,as a ladder,2,1,1,4
51104,147,2,rope,as decoration around your beach house,2,2,2,2
51105,147,2,rope,as jewelry,2,2,1,2
51106,147,2,rope,to hang something,2,1,1,3
51107,148,2,rope,Build a bridge,2,2,2,2
51108,148,2,rope,Hang someone or something,2,1,1,1
51109,148,2,rope,Jump,1,1,1,1
51110,148,2,rope,Mountain climbing,2,1,1,3
51111,148,2,rope,used in goals,1,2,1,3
51112,148,2,rope,swing from tree to tree,2,1,1,5
51113,148,2,rope,Tie someone down,1,1,1,3
51114,148,2,rope,Tie something,1,1,1,1
51115,148,2,rope,Trip someone with it,2,1,1,4
51116,148,2,rope,Tug of war,1,1,1,1
51117,148,2,rope,Used with pulleys,1,1,1,3
51118,148,2,rope,Whip someone,2,1,1,2
51119,149,2,rope,as a whip,3,1,1,1
51120,149,2,rope,as boundaries for a fun game,2,2,1,2
51121,149,2,rope,as kindle for fire,3,2,2,5
51122,149,2,rope,as part of an outfit,2,2,2,4
51123,149,2,rope,collect water,5,2,2,4
51124,149,2,rope,to keep demons from entering your home,3,3,3,5
51125,149,2,rope,use it by the thread to make a silly hairdo,2,2,2,3
51126,150,2,rope,belt,2,1,1,2
51127,150,2,rope,handcuffs,2,2,1,3
51128,150,2,rope,headband,2,1,2,2
51129,150,2,rope,paint it  fake snake to scare friends,2,2,2,4
51130,150,2,rope,zip line,2,1,1,3
51131,151,2,rope,a leash for your pet,2,1,1,1
51132,151,2,rope,as a workout where you grab 2 ends of the and roll it in a wave motion,2,3,1,5
51133,151,2,rope,tie it to a post and use for tetherball,1,2,1,2
51134,151,2,rope,tie to a car to pull it out,1,2,1,1
51135,151,2,rope,use it as a alternative railing for steps,4,3,2,3
51136,151,2,rope,use it as a clothes hanger to dry your clothes outside,2,1,2,3
51137,151,2,rope,use it to swing around on,2,1,1,1
51138,152,2,rope,a hanging chair,2,3,1,2
51139,152,2,rope,a head band,3,1,2,3
51140,152,2,rope,a wig,3,2,2,4
51141,152,2,rope,monkey bars,3,3,2,4
51142,152,2,rope,to make a hanging bed,3,3,2,4
51143,153,2,rope,burn it for light,3,3,2,2
51144,153,2,rope,coil it to make a seat cushion,5,4,2,5
51145,153,2,rope,cross form one place to another,2,1,1,1
51146,153,2,rope,measure something,3,2,2,2
51147,153,2,rope,tie back hair,2,1,2,3
51148,153,2,rope,use it to help move heavy objects like a pulley,1,1,2,1
51149,153,2,rope,use it to make friction heat,5,3,2,2
51150,153,2,rope,use the fibers as thread for mending,5,3,2,5
51151,153,2,rope,weapon,1,1,1,2
51152,154,2,rope,Hang lights or decorations,2,2,2,2
51153,154,2,rope,Play tug of war,1,1,1,1
51154,154,2,rope,Tie a mattress to a car roof,1,1,1,1
51155,154,2,rope,Tie your dog to a tree or post,1,1,1,1
51156,155,2,rope,to decorate items with,1,1,1,5
51157,155,2,rope,to hang something from the ceiling,2,1,1,5
51158,155,2,rope,to make a headband,2,1,2,3
51159,155,2,rope,to play jump,1,1,1,2
51160,155,2,rope,to play tug a war,1,1,1,2
51161,155,2,rope,to pull a wagon,2,1,1,3
51162,155,2,rope,to tie someone up with,2,1,1,2
51163,155,2,rope,to use as a fan string,4,3,2,4
51164,155,2,rope,to use as a necklace,2,1,2,4
51165,155,2,rope,to use as a swing at a pool,2,1,1,4
51166,155,2,rope,to use as a whip,2,1,1,2
51167,156,2,rope,Tie it to something that you may need and drag it when desired,1,1,1,3
51168,157,2,rope,jump,1,1,1,2
51169,157,2,rope,tight walking,2,1,1,3
51170,157,2,rope,tug a war,1,1,1,1
51171,157,2,rope,use to pull something,1,1,1,1
51172,157,2,rope,using as a swing,2,1,1,3