id,for_user_id,round_id,item,idea_content,rater1,rater2,rater3,rater4
60001,01VqTes5,1,brick,build house,1,1,1,1
60002,01VqTes5,1,brick,build outdoor barbecue ,3,1,1,1
60003,01VqTes5,1,brick,build bookshelves ,3,1,1,2
60004,01VqTes5,1,brick,weapon,2,2,1,1
60005,01VqTes5,1,brick,paper w,2,2,1,1
60006,07G60fD3,1,brick,Build houses.,1,1,1,1
60007,07G60fD3,1,brick,"warm in oven, and keep blankets or coolers warm.",4,5,3,2
60008,07G60fD3,1,brick,Coconut opener.,3,3,2,2
60009,07G60fD3,1,brick,Thief deturant,2,3,2,1
60010,07G60fD3,1,brick,paper or door weight,2,2,1,1
60011,07G60fD3,1,brick,hammer,3,2,2,1
60012,07G60fD3,1,brick,car chock,3,4,2,1
60013,0G7118lv,1,brick,It can be used as a weapon,2,2,1,1
60014,0G7118lv,1,brick,It can be tied to a rope and used as a simple boat anchor,4,4,3,3
60015,0G7118lv,1,brick,It can be used as a doorstop,2,1,1,1
60016,0G7118lv,1,brick,it can be used to break a car window in an emergency,4,2,1,2
60017,0ghL50Ke,1,brick,build houses,1,1,1,1
60018,0ghL50Ke,1,brick,build walls,1,1,1,1
60019,0ghL50Ke,1,brick,used as a weapon,2,2,1,1
60020,0ghL50Ke,1,brick,to weigh things down,2,3,2,1
60021,0ghL50Ke,1,brick,use the corner of the brick as chalk,4,5,3,1
60022,0lYv3kja,1,brick,building,2,1,1,1
60023,0lYv3kja,1,brick,throwing,1,3,1,1
60024,0lYv3kja,1,brick,sitting,1,3,2,2
60025,0lYv3kja,1,brick,crushing,1,4,2,1
60026,0n661va4,1,brick,Walls,2,1,1,1
60027,0n661va4,1,brick,Roads,2,1,1,1
60028,0n661va4,1,brick,Walkways,2,1,1,1
60029,0n661va4,1,brick,Fireplace,2,1,1,2
60030,0n661va4,1,brick,House finishes,2,1,1,1
60031,0n661va4,1,brick,Foundations,2,1,1,1
60032,0n661va4,1,brick,Chimney,2,1,1,1
60033,0n661va4,1,brick,Barns,2,2,1,2
60034,0n661va4,1,brick,BBQ pits,2,1,2,2
60035,0n661va4,1,brick,Seats out side,2,3,1,2
60036,0TWiZolg,1,brick,paper weight,1,3,1,1
60037,0TWiZolg,1,brick,stand,2,2,1,1
60038,0TWiZolg,1,brick,door stop,1,2,1,1
60039,0TWiZolg,1,brick,landscape ,2,1,1,1
60040,0TWiZolg,1,brick,pavement,2,1,1,1
60041,0TWiZolg,1,brick,step,1,2,1,1
60042,0x135kJT,1,brick,Use as a hammer,2,2,2,1
60043,0x135kJT,1,brick,Raise something up (to level or to keep above ground level),3,2,2,1
60044,0x135kJT,1,brick,Make annoying noises by scraping it,5,2,3,2
60045,0x135kJT,1,brick,Break apart something by throwing it,2,2,1,1
60046,0x135kJT,1,brick,Defensive weapon,2,2,2,1
60047,0x135kJT,1,brick,Cook on top of if heated,4,4,2,2
60048,0x135kJT,1,brick,Door jam,2,1,1,1
60049,0x135kJT,1,brick,Paper weight,2,2,1,1
60050,0z8276gI,1,brick,paper weight,2,2,1,1
60051,0z8276gI,1,brick,building/construction,1,1,1,1
60052,0z8276gI,1,brick,weapon,2,2,1,1
60053,0z8276gI,1,brick,breaking things (e.g. window),2,2,1,1
60054,0z8276gI,1,brick,pounding with (e.g. hammer),2,2,2,1
60055,11z914TK,1,brick,weight in the back of your car in snowy weather,4,3,2,3
60056,11z914TK,1,brick,as a bed riser under your bed,4,3,2,2
60057,11z914TK,1,brick,building walls,2,1,1,1
60058,11z914TK,1,brick,building walkways,2,1,1,1
60059,11z914TK,1,brick,trim a flower bed,2,1,1,2
60060,11z914TK,1,brick,use to weight down buckets,1,3,1,2
60061,11z914TK,1,brick,stack up and then put a board across for shelving,3,2,2,2
60062,11z914TK,1,brick,build a outdoor fire pit,2,1,1,2
60063,16lsiLpf,1,brick,build into something,1,1,1,1
60064,16lsiLpf,1,brick,paper weight,1,3,1,1
60065,16lsiLpf,1,brick,door stop,1,2,1,1
60066,16lsiLpf,1,brick,weapon,2,3,1,1
60067,16lsiLpf,1,brick,foundation for sculpture,3,1,1,2
60068,16lsiLpf,1,brick,carved into figurine,3,4,3,3
60069,16lsiLpf,1,brick,heated to be used as cooking apparatus,2,5,2,3
60070,16lsiLpf,1,brick,step stone,1,2,1,2
60071,16lsiLpf,1,brick,carved names into as memorial/marker/grave stone,4,4,3,4
60072,16lsiLpf,1,brick,imprinted hands/q as keepsake,4,4,4,4
60073,16scmgQe,1,brick,in a building,2,1,1,1
60074,16scmgQe,1,brick,paper weight,1,3,1,1
60075,16scmgQe,1,brick,garden edging,2,2,1,2
60076,16scmgQe,1,brick,patio,2,1,1,2
60077,16scmgQe,1,brick,fireplace hearth,2,1,1,2
60078,16scmgQe,1,brick,actual flooring,2,2,1,1
60079,16scmgQe,1,brick,to crush something,2,4,1,2
60080,16scmgQe,1,brick,to sharpen a knife,2,4,4,2
60081,1SPiV603,1,brick,build a house,2,1,1,1
60082,1SPiV603,1,brick,hit someone with it,2,3,1,2
60083,1SPiV603,1,brick,anchor for a canoe,2,4,2,3
60084,1XnEb10C,1,brick,Smash a window,2,2,1,1
60085,1XnEb10C,1,brick,Prop up an uneven table,3,2,2,2
60086,1XnEb10C,1,brick,Hold down papers in the wind,3,2,1,1
60087,1XnEb10C,1,brick,Hold open a door,2,1,1,1
60088,1XnEb10C,1,brick,Use it as an improvised weight training tool,4,2,2,2
60089,1XnEb10C,1,brick,Use it to crush ice for margaritas,5,4,2,3
60090,1XnEb10C,1,brick,If it is a large brick use it as a chair,4,3,2,2
60091,1XnEb10C,1,brick,If it is a small brick use it to give the extra inch you need to reach the top of the fridge,5,3,2,2
60092,1y5hCDj2,1,brick,throw,1,2,1,1
60093,1y5hCDj2,1,brick,use as a step stool,2,2,2,1
60094,1y5hCDj2,1,brick,use as a weight,2,2,1,1
60095,1y5hCDj2,1,brick,put in backpack for training,5,3,3,3
60096,1y5hCDj2,1,brick,use as a metaphor for a house,3,3,3,2
60097,1y5hCDj2,1,brick,carve into a brick sculpture,4,1,4,1
60098,1y5hCDj2,1,brick,drop it in a pond,4,1,2,1
60099,1y5hCDj2,1,brick,use for building,1,1,1,1
60100,1y5hCDj2,1,brick,give to someone as a prank,4,3,3,2
60101,1y5hCDj2,1,brick,drop it like it's hot,4,1,2,2
60102,1y5hCDj2,1,brick,use it to kill fish after you caught them,4,4,2,2
60103,210kdtBq,1,brick,build a house,1,1,1,1
60104,210kdtBq,1,brick,break into somethings that's your property,2,2,1,1
60105,210kdtBq,1,brick,throw,1,2,1,1
60106,21tqVp1y,1,brick,build a structure,2,1,1,1
60107,21tqVp1y,1,brick,break a window,1,2,1,2
60108,21tqVp1y,1,brick,hold open a door,1,2,1,1
60109,21tqVp1y,1,brick,paperweight ,1,3,1,1
60110,21tqVp1y,1,brick,hold balloons,1,3,1,2
60111,21tqVp1y,1,brick,book ends,2,4,2,2
60112,2d2KH3S9,1,brick,Decoration,1,4,1,2
60113,2d2KH3S9,1,brick,Door stop,1,2,1,1
60114,2d2KH3S9,1,brick,Back stop,1,4,2,1
60115,2Dh2v55u,1,brick,paper weight,1,3,1,1
60116,2Dh2v55u,1,brick,base for hot plates,2,4,2,3
60117,2Dh2v55u,1,brick,black board (or brick board) to write messages on,4,4,3,3
60118,2E2qy4K0,1,brick,use as a paper weight,1,3,1,1
60119,2E2qy4K0,1,brick,build a statue,3,4,1,2
60120,2E2qy4K0,1,brick,paint it different colors and display as art,4,5,3,3
60121,2E2qy4K0,1,brick,line a flower bed,2,2,1,2
60122,2E2qy4K0,1,brick,lift to build muscle strength,3,3,2,2
60123,2E2qy4K0,1,brick,play catch with to build muscle strength,3,4,3,3
60124,2E2qy4K0,1,brick,build a doghouse,3,1,1,2
60125,2E2qy4K0,1,brick,level a table or chair,2,3,2,2
60126,2E2qy4K0,1,brick,use as a coaster,2,5,3,2
60127,2E2qy4K0,1,brick,heat up and use for cooking,2,5,2,3
60128,2J8vhJyv,1,brick,house,1,1,1,1
60129,2J8vhJyv,1,brick,fireplace,2,1,1,1
60130,2J8vhJyv,1,brick,driveway,1,1,1,1
60131,2J8vhJyv,1,brick,mailbox,5,1,1,1
60132,2J8vhJyv,1,brick,hold a car up,3,3,2,1
60133,2J8vhJyv,1,brick,hurt someone,1,2,1,1
60134,2J8vhJyv,1,brick,music,5,3,2,2
60135,2J8vhJyv,1,brick,break into your house,3,2,1,1
60136,2J8vhJyv,1,brick,smash a window,2,2,1,1
60137,2nxx6Yf9,1,brick,Hold a window open,2,2,1,2
60138,2nxx6Yf9,1,brick,Hit someone,2,2,1,1
60139,2nxx6Yf9,1,brick,Build a building,1,1,1,1
60140,2nxx6Yf9,1,brick,Furniture,2,2,3,1
60141,2nxx6Yf9,1,brick,Grills,4,1,1,1
60142,2nxx6Yf9,1,brick,Paths,1,1,1,1
60143,2nxx6Yf9,1,brick,Streets,1,1,1,1
60144,2nxx6Yf9,1,brick,Art,4,4,3,1
60145,2nxx6Yf9,1,brick,Prop up engine,3,2,2,2
60146,2PtjMrzC,1,brick,Hold something down,2,2,1,1
60147,2PtjMrzC,1,brick,break something,1,2,1,1
60148,2PtjMrzC,1,brick,hammer a nail,4,2,2,1
60149,2PtjMrzC,1,brick,hold open a door,2,1,1,1
60150,2PtjMrzC,1,brick,put things in the holes,3,2,2,1
60151,2PtjMrzC,1,brick,work as a counter weight,3,2,2,1
60152,2PtjMrzC,1,brick,flatten somtething,4,3,2,1
60153,2RpEH99c,1,brick,Hammer,1,3,2,2
60154,2RpEH99c,1,brick,applying pressure,2,5,3,1
60155,2RpEH99c,1,brick,"while reading book, it will help the book to be standing",5,4,2,3
60156,2RpEH99c,1,brick,chalk,2,4,2,2
60157,30Z2IWHA,1,brick,"Patio wall,",2,1,1,2
60158,30Z2IWHA,1,brick,Build a house,2,1,1,1
60159,30Z2IWHA,1,brick,Build a walkway,2,1,1,1
60160,30Z2IWHA,1,brick,A mailbox holder,3,2,1,2
60161,30Z2IWHA,1,brick,driveway,2,1,1,2
60162,30Z2IWHA,1,brick,Start a fire,2,4,3,2
60163,30Z2IWHA,1,brick,cook on them in a fire,3,5,3,2
60164,332VeAed,1,brick,door stop,2,1,1,1
60165,332VeAed,1,brick,paint it and display,4,3,2,1
60166,332VeAed,1,brick,add height to something,3,3,2,1
60167,332VeAed,1,brick,use it as a stage for dolls,4,3,3,3
60168,365hZA15,1,brick,Throw in a window,1,3,1,2
60169,365hZA15,1,brick,Hold a door open,1,2,1,1
60170,365hZA15,1,brick,Paperweight,1,3,1,1
60171,365hZA15,1,brick,Sharpen tools,2,4,2,2
60172,365hZA15,1,brick,Draw on it,3,4,3,2
60173,365hZA15,1,brick,Hammer,1,3,2,2
60174,365hZA15,1,brick,Use as a blunt weapon,2,3,1,2
60175,365hZA15,1,brick,A dangerous game of catch,3,4,4,4
60176,365hZA15,1,brick,Pet brick,4,4,2,3
60177,3697RZcw,1,brick,super good brick,3,1,1,1
60178,3a4J68MA,1,brick,Container,1,1,3,1
60179,3a4J68MA,1,brick,stool,3,3,2,1
60180,3a4J68MA,1,brick,organizer,2,2,2,1
60181,3a4J68MA,1,brick,holder,2,2,2,1
60182,3afo6Ob6,1,brick,Part of a building,1,1,1,1
60183,3afo6Ob6,1,brick,Doorstop,2,1,1,1
60184,3afo6Ob6,1,brick,Paperweight,2,2,1,1
60185,3afo6Ob6,1,brick,Weapon,2,2,1,1
60186,3afo6Ob6,1,brick,Draw a face on it and make it a toy,4,3,3,3
60187,3afo6Ob6,1,brick,Hold up furniture,3,2,1,1
60188,3aN58Jw7,1,brick,BUILD A HOUSE,2,1,1,1
60189,3aN58Jw7,1,brick,HIT SOMEONE WITH,2,3,1,2
60190,3aN58Jw7,1,brick,MAKE A PATH WITH,2,1,1,1
60191,3aN58Jw7,1,brick,MAKE A MAILBOX POST,3,2,1,2
60192,3aN58Jw7,1,brick,STORE SOMETHING ON TOP OF SO THAT IT IS NOT ON THE GROUND,3,3,2,2
60193,3dysp210,1,brick,build a house,2,1,1,1
60194,3dysp210,1,brick,throw through a window,1,3,1,2
60195,3dysp210,1,brick,carve a bunch into chess pieces,5,4,5,4
60196,3dysp210,1,brick,smash into pieces and mix with cement for a driveway or wall,3,1,2,2
60197,3dysp210,1,brick,put behind the tire of your car on a hill,1,2,2,2
60198,3N0X21zt,1,brick,Kill someone,2,3,1,2
60199,3N0X21zt,1,brick,make a house,2,1,1,1
60200,3N0X21zt,1,brick,build a bridge,2,1,1,2
60201,3N0X21zt,1,brick,paperweight,1,3,1,1
60202,3N0X21zt,1,brick,decoration,1,4,1,2
60203,3N0X21zt,1,brick,smash a bug,2,3,1,2
60204,3N0X21zt,1,brick,break a window,1,2,1,2
60205,3N0X21zt,1,brick,stand on as a stool,1,2,2,2
60206,3N0X21zt,1,brick,support broken furniture,2,3,1,2
60207,3N0X21zt,1,brick,bookend,2,4,2,2
60208,3N0X21zt,1,brick,hammer,1,3,2,2
60209,3N0X21zt,1,brick,hold a book open while i read (like for recipes),4,4,3,4
60210,3N0X21zt,1,brick,if there's a bunch bricks i could enclose a fire for a bonfire area,2,1,1,2
60211,3N0X21zt,1,brick,put in a garden to keep dirt in,2,2,1,2
60212,3rG4FDn6,1,brick,Build a building,2,1,1,2
60213,3rG4FDn6,1,brick,Smash a window,1,3,1,2
60214,3rG4FDn6,1,brick,Squish a bug,2,4,1,2
60215,3rG4FDn6,1,brick,Prop up a car,1,3,1,2
60216,3rG4FDn6,1,brick,Use as a landscape wall,2,1,1,2
60217,3rG4FDn6,1,brick,Use for firepits/fireplaces,2,1,1,2
60218,3rG4FDn6,1,brick,Make an oven,2,3,1,2
60219,47h4XUb6,1,brick,sidewalk,1,1,1,1
60220,47h4XUb6,1,brick,house,1,1,1,1
60221,47h4XUb6,1,brick,fireplace,2,1,1,1
60222,47h4XUb6,1,brick,smoker,4,4,2,1
60223,47h4XUb6,1,brick,steps,2,3,1,1
60224,47h4XUb6,1,brick,patio,1,1,1,1
60225,47h4XUb6,1,brick,bookshelf,3,3,1,1
60226,4dUr6hnh,1,brick,hold down a pile of hair,1,1,1,2
60227,4dUr6hnh,1,brick,shoes on the moon,3,3,3,5
60228,4dUr6hnh,1,brick,helicopter steps,4,4,4,2
60229,4dUr6hnh,1,brick,as a hammer,3,2,2,1
60230,4dUr6hnh,1,brick,chalk,5,5,3,1
60231,4dUr6hnh,1,brick,grandparent smasher,1,1,4,2
60232,4dUr6hnh,1,brick,modern igloo frame,5,3,3,3
60233,4dUr6hnh,1,brick,big geeky glasses,1,1,4,4
60234,4dUr6hnh,1,brick,cutting a frog,4,2,3,2
60235,4dUr6hnh,1,brick,paddle,1,2,2,1
60236,4dUr6hnh,1,brick,fridge handle,5,3,3,1
60237,4dUr6hnh,1,brick,elevator weight,3,2,3,2
60238,4dUr6hnh,1,brick,stone ,1,1,1,1
60239,4evEspH2,1,brick,making walls ,1,1,1,1
60240,4evEspH2,1,brick,three little pig's house,5,2,4,4
60241,4evEspH2,1,brick,making an oven,3,3,1,1
60242,4evEspH2,1,brick,making fence,2,1,1,1
60243,4evEspH2,1,brick,landscaping,3,1,1,1
60244,4evEspH2,1,brick,foot path,1,1,1,1
60245,4evEspH2,1,brick,for accenting,3,3,1,1
60246,4evEspH2,1,brick,flooring,1,1,1,1
60247,4IpDwdI5,1,brick,door stop,1,2,1,1
60248,4IpDwdI5,1,brick,paper weight,1,3,1,1
60249,4IpDwdI5,1,brick,window smasher,1,2,1,2
60250,4IpDwdI5,1,brick,prop open a window,1,2,1,1
60251,4IpDwdI5,1,brick,break glass object,1,2,1,1
60252,4IpDwdI5,1,brick,throw at target,1,3,1,1
60253,4IpDwdI5,1,brick,make a present,3,3,3,2
60254,4q5kz2kx,1,brick,build house,1,1,1,1
60255,4q5kz2kx,1,brick,out door pit,3,1,1,1
60256,4q5kz2kx,1,brick,build sidewalk,1,1,1,1
60257,4q5kz2kx,1,brick,roads,1,2,1,1
60258,4q5kz2kx,1,brick,building,1,1,1,1
60259,4q5kz2kx,1,brick,walls,1,1,1,1
60260,4VoT0krX,1,brick,Door stop,2,1,1,1
60261,4VoT0krX,1,brick,Paper weight,2,2,1,1
60262,4VoT0krX,1,brick,Wheel chock,3,3,2,1
60263,4VoT0krX,1,brick,Weapon,2,2,1,1
60264,4VoT0krX,1,brick,Step stool,2,3,2,1
60265,4VoT0krX,1,brick,Hammer,3,2,2,1
60266,4VoT0krX,1,brick,Anchor,3,4,2,2
60267,4VzH60D1,1,brick,build a house,1,1,1,1
60268,4VzH60D1,1,brick,build a wall,1,1,1,1
60269,4VzH60D1,1,brick,use it to hammer something,2,2,2,1
60270,4VzH60D1,1,brick,use it as a weapon,2,2,1,1
60271,4VzH60D1,1,brick,use it to kill a bug,3,4,2,2
60272,4VzH60D1,1,brick,as a door stop,2,1,1,1
60273,4VzH60D1,1,brick,to make a memorial,5,1,2,1
60274,4VzH60D1,1,brick,use it to step on to reach something higher,2,2,2,1
60275,4VzH60D1,1,brick,use it to fill a hole,3,2,3,1
60276,4VzH60D1,1,brick,use it to stop water flow,3,5,3,1
60277,4VzH60D1,1,brick,build a fence,2,1,1,1
60278,4VzH60D1,1,brick,use it to break a window,2,2,1,1
60279,4WeqZ7T8,1,brick,build a house,2,1,1,1
60280,4WeqZ7T8,1,brick,build a wall,2,1,1,1
60281,4WeqZ7T8,1,brick,build foundation,2,1,1,2
60282,4WeqZ7T8,1,brick,build a road,2,1,1,2
60283,4WeqZ7T8,1,brick,build buildings and businesses,2,1,1,2
60284,4WeqZ7T8,1,brick,build furnaces,2,1,1,2
60285,4WeqZ7T8,1,brick,build chimnees,2,1,1,2
60286,4XgOK49q,1,brick,House,1,1,1,1
60287,4XgOK49q,1,brick,wall,1,1,1,1
60288,4XgOK49q,1,brick,sidewalk,1,1,1,1
60289,4XgOK49q,1,brick,garden,3,1,1,1
60290,4XgOK49q,1,brick,fence,2,1,1,1
60291,4XgOK49q,1,brick,tower,2,2,1,1
60292,4ys9hBH1,1,brick,break some thing,1,2,1,1
60293,4ys9hBH1,1,brick,build a house,1,1,1,1
60294,4ys9hBH1,1,brick,build a building,1,1,1,1
60295,4ys9hBH1,1,brick,build a fire place,2,1,1,1
60296,4ys9hBH1,1,brick,uses to stop something,2,2,1,1
60297,4ys9hBH1,1,brick,used to hold something,2,2,1,1
60298,4ys9hBH1,1,brick,pottery,4,2,2,1
60299,4ys9hBH1,1,brick,potting,4,2,2,1
60300,4ys9hBH1,1,brick,designing,2,3,1,1
60301,4ys9hBH1,1,brick,gardening. ,3,1,1,1
60302,5122L8am,1,brick,Use it as a press for cooking (like when making brick chicken),2,4,3,2
60303,5122L8am,1,brick,Make a round wall outside to use as a fire pit,2,1,1,2
60304,5122L8am,1,brick,Use as a paper stop.,1,3,1,1
60305,5122L8am,1,brick,Use to hold things up like a shelf.,1,3,1,2
60306,5122L8am,1,brick,Break into pieces and place over plant pots.,4,4,3,3
60307,5122L8am,1,brick,Paint and make into characters.,4,4,3,3
60308,517P11oo,1,brick,thrown into a wall,1,3,1,2
60309,517P11oo,1,brick,used as a door stop,1,2,1,1
60310,517P11oo,1,brick,used as a ball in a game of catch,2,4,2,3
60311,55kB7oGZ,1,brick,Throw it at something,2,2,1,1
60312,55kB7oGZ,1,brick,weight,2,2,1,1
60313,55kB7oGZ,1,brick,counterbalance,2,2,2,1
60314,5A0P72Lh,1,brick,BRICK ON WALL,1,1,1,1
60315,5d5xLMEq,1,brick,Temporary brace for a very uneven table leg,3,2,2,1
60316,5d5xLMEq,1,brick,Counterweight for a small child playing on a see saw,4,2,3,3
60317,5d5xLMEq,1,brick,Small monolith for an installation art piece,5,3,2,3
60318,5d5xLMEq,1,brick,Brace to elevate a dog house,4,2,2,3
60319,5PB3Bb88,1,brick,build a flower bed,3,1,1,2
60320,5PB3Bb88,1,brick,break a window,1,2,1,2
60321,5PB3Bb88,1,brick,build a house,2,1,1,1
60322,5PB3Bb88,1,brick,build porch,2,1,1,2
60323,5SRJR5D5,1,brick,Build a House,2,1,1,1
60324,5SRJR5D5,1,brick,Build A Structure,2,1,1,1
60325,5SRJR5D5,1,brick,Kill a Bug,2,4,1,2
60326,5SRJR5D5,1,brick,Kill a Person,2,3,1,2
60327,5SRJR5D5,1,brick,Anchor something,1,4,2,2
60328,5SRJR5D5,1,brick,Use in landscaping,2,2,1,2
60329,5SRJR5D5,1,brick,Build a well,3,1,1,2
60330,5SRJR5D5,1,brick,Symbolic pyramid build,4,4,3,3
60331,5SRJR5D5,1,brick,Throw through a window in protest,3,3,1,3
60332,5SRJR5D5,1,brick,Use as garden/pathway pavers,2,2,1,2
60333,5SRJR5D5,1,brick,Use as a mini stool,1,2,2,2
60334,5T96gwt6,1,brick,As a stand for plants,3,4,2,2
60335,5T96gwt6,1,brick,As a stand for the tv,3,4,2,2
60336,5T96gwt6,1,brick,build an outside bar-b-que,3,1,1,2
60337,5T96gwt6,1,brick,hold down a tarp,1,3,1,2
60338,5T96gwt6,1,brick,put in the back of the truck for weight when there is snow on the ground,4,4,3,3
60340,619m9P17,1,brick,wall,2,1,1,1
60341,619m9P17,1,brick,weapon,2,3,1,1
60342,619m9P17,1,brick,fireplace.,2,1,1,2
60343,619m9P17,1,brick,weight,1,3,1,1
60344,63a1Gxgq,1,brick,pillow,3,4,3,3
60345,63a1Gxgq,1,brick,window smasher,1,2,1,2
60346,63a1Gxgq,1,brick,foot stool,1,3,2,2
60347,63a1Gxgq,1,brick,iron,3,5,3,2
60348,63a1Gxgq,1,brick,paper weight,1,3,1,1
60349,63a1Gxgq,1,brick,sander,4,2,2,1
60350,63a1Gxgq,1,brick,paint applicator,3,4,3,2
60351,63a1Gxgq,1,brick,weight,1,3,1,1
60352,63a1Gxgq,1,brick,dumbbell,3,3,2,3
60353,63a1Gxgq,1,brick,plate,2,4,3,2
60354,65805qnA,1,brick,Break a window,2,2,1,1
60355,65805qnA,1,brick,Make a wall,1,1,1,1
60356,65805qnA,1,brick,flatten an object,4,3,2,1
60357,65805qnA,1,brick,crack open a pistachio or walnut,3,3,2,2
60358,65805qnA,1,brick,defend yourself,2,2,2,1
60359,65805qnA,1,brick,paperweight,2,2,1,1
60360,65805qnA,1,brick,decoration,2,3,1,1
60361,65805qnA,1,brick,as a hammer to pound something,4,2,2,1
60362,65805qnA,1,brick,break other small rocks up,3,2,1,1
60363,65805qnA,1,brick,stand on and reach something.,3,3,2,1
60364,66jawKKi,1,brick,build houses,2,1,1,1
60365,66jawKKi,1,brick,as a weight,1,3,1,1
60366,66jawKKi,1,brick,to build a bbq pit,2,1,1,2
60367,66jawKKi,1,brick,lawn decorations,2,4,1,2
60368,66jawKKi,1,brick,buld a wall to avoid flood,4,1,2,2
60369,66jawKKi,1,brick,build a road cobblestone,2,1,1,2
60370,672NRTzv,1,brick,Use it as a weight,2,2,1,1
60371,672NRTzv,1,brick,Use it to hold something down,2,2,1,1
60372,672NRTzv,1,brick,Smash things w,2,2,1,1
60374,683d1PBR,1,brick,Building,1,1,1,1
60375,683d1PBR,1,brick,Support,2,2,1,1
60376,683d1PBR,1,brick,Drawing lines ,3,4,2,1
60377,683d1PBR,1,brick,Ballast ,3,3,3,2
60378,68P7GeOl,1,brick,door stop,2,1,1,1
60379,68P7GeOl,1,brick,paper weight,2,2,1,1
60380,68P7GeOl,1,brick,a boat anchor,3,4,4,4
60381,68P7GeOl,1,brick,a door jam,2,1,1,1
60382,68P7GeOl,1,brick,counter weight,2,2,2,1
60383,68P7GeOl,1,brick,gluing weight ,3,3,3,2
60384,68tvdfYb,1,brick,bookends,2,4,2,2
60385,68tvdfYb,1,brick,paperweight,1,3,1,1
60386,68tvdfYb,1,brick,garden edge,2,2,1,2
60387,68tvdfYb,1,brick,door block,1,2,1,1
60388,6B7M68Fb,1,brick,wall,2,1,1,1
60389,6B7M68Fb,1,brick,house,2,1,1,1
60390,6B7M68Fb,1,brick,bridge,2,1,1,2
60391,6B7M68Fb,1,brick,walkway,2,1,1,1
60392,6B7M68Fb,1,brick,porch,2,2,1,2
60393,6B7M68Fb,1,brick,paper weight,1,3,1,1
60394,6B7M68Fb,1,brick,planter,2,3,1,2
60395,6B7M68Fb,1,brick,gardening,2,2,1,1
60396,6B7M68Fb,1,brick,border,1,2,2,1
60397,6B7M68Fb,1,brick,building,2,1,1,1
60398,6B7M68Fb,1,brick,street,2,1,1,1
60399,6B7M68Fb,1,brick,playground,2,3,1,2
60400,6D6d2I55,1,brick,Build a house,1,1,1,1
60401,6D6d2I55,1,brick,Lay foundation,3,1,1,1
60402,6D6d2I55,1,brick,Hit someone,2,2,1,1
60403,6D6d2I55,1,brick,Hold something up,2,2,1,1
60404,6D6d2I55,1,brick,make something level,3,2,3,1
60405,6ERmJDe3,1,brick,Paint to use as a decoration,4,3,2,1
60406,6ERmJDe3,1,brick,A door-stopper,2,1,1,1
60407,6ERmJDe3,1,brick,A (very heavy) paper weight,2,1,1,1
60408,6ERmJDe3,1,brick,A pen/pencil holder,5,3,3,3
60409,6ERmJDe3,1,brick,A weapon,2,2,1,1
60410,6ERmJDe3,1,brick,A building block,1,1,1,2
60411,6ERmJDe3,1,brick,Potted-plant holder,4,2,1,1
60412,6ERmJDe3,1,brick,A stepping block,1,1,1,1
60418,6hETnw58,1,brick,use as leg support,3,3,2,1
60419,6hETnw58,1,brick,build a cat house,2,1,2,2
60420,6hETnw58,1,brick,build a fire ring,2,1,1,1
60421,6kTekgee,1,brick,build a house,2,1,1,1
60422,6kTekgee,1,brick,throw in a window,1,3,1,2
60423,6kTekgee,1,brick,use as a paper weight,1,3,1,1
60424,6kTekgee,1,brick,stack into a tower,2,4,1,2
60425,6kTekgee,1,brick,put on your trunk to keep from opening,3,4,3,3
60426,6kTekgee,1,brick,to prop up a wobbly table,2,3,2,2
60427,6kTekgee,1,brick,to prop up a bed ,2,2,1,2
60428,6kTekgee,1,brick,use as hand weights to work out,3,3,2,2
60429,6lN1aCrC,1,brick,build house,2,1,1,1
60430,6lN1aCrC,1,brick,build patio,2,1,1,2
60431,6lN1aCrC,1,brick,make walk way,2,1,1,1
60432,6lN1aCrC,1,brick,make driveway,2,1,1,1
60433,6lN1aCrC,1,brick,use in edging,2,2,1,2
60434,6q5Wz6lI,1,brick,build a house,1,1,1,1
60435,6q5Wz6lI,1,brick,frieplace,2,1,1,1
60436,6q5Wz6lI,1,brick,grill,4,1,1,1
60437,6q5Wz6lI,1,brick,bon-fire,2,2,2,1
60438,737W95CH,1,brick,seal off a hole in the lower wall,2,3,2,2
60439,737W95CH,1,brick,shatter a glass window,1,3,1,2
60440,737W95CH,1,brick,weight to hold objects in place,1,3,1,1
60441,737W95CH,1,brick,light weight for exercising,3,3,2,2
60442,737W95CH,1,brick,scratch a surface,2,2,2,1
60443,737W95CH,1,brick,create a sculpture like legos,3,5,2,3
60444,737W95CH,1,brick,build a wall,2,1,1,1
60445,737W95CH,1,brick,fireplace,2,1,1,2
60446,737W95CH,1,brick,hammer,1,3,2,2
60447,737W95CH,1,brick,nut cracker,4,5,2,2
60448,737W95CH,1,brick,self defense in wilderness,1,3,1,3
60449,74I0f64D,1,brick,Throw it through a window and rob a bank.,3,3,1,3
60450,74I0f64D,1,brick,Kill an enemy in cold blood.,3,3,1,3
60451,74I0f64D,1,brick,Stand on an overpass and throw it at an unsuspecting car.,4,4,1,3
60452,74I0f64D,1,brick,Use it to win an argument.,5,3,2,5
60453,74I0f64D,1,brick,Use it to hold a door open.,1,2,1,1
60454,74I0f64D,1,brick,Use it to block my car from rolling backwards.,1,4,2,2
60455,74I0f64D,1,brick,Use it to fry an egg on a hot day in the desert if I was stranded and had an egg with me.,5,4,4,5
60456,74I0f64D,1,brick,Crush a rat with it.,4,4,2,3
60457,78E0pqW2,1,brick,door stop,1,2,1,1
60458,78E0pqW2,1,brick,weapon,2,3,1,1
60459,78E0pqW2,1,brick,fake book,5,4,5,4
60460,78E0pqW2,1,brick,book end,2,4,2,2
60461,78E0pqW2,1,brick,door opener,1,2,1,1
60462,78E0pqW2,1,brick,pillow,3,4,3,3
60463,78E0pqW2,1,brick,canvas,3,5,2,1
60464,78E0pqW2,1,brick,toy,1,4,2,2
60465,78E0pqW2,1,brick,paper weight,1,3,1,1
60466,7Alo1fos,1,brick,Break a window,1,2,1,2
60467,7Alo1fos,1,brick,Prevent a car from rolling backwards,1,4,2,2
60468,7Alo1fos,1,brick,Help keep a bucket from tipping over,3,3,1,3
60469,7Alo1fos,1,brick,walls for miniature golf,2,2,2,3
60470,7Alo1fos,1,brick,"practice throwing objects, gaining muscle",3,3,3,3
60471,7Alo1fos,1,brick,sitting on when there is an inch of water on the ground,3,4,3,3
60472,7Alo1fos,1,brick,paperweight,1,3,1,1
60473,7iC45VYt,1,brick,A brick can be building material or a weapon a projectile,3,1,1,2
60474,7iC45VYt,1,brick,a door stop,1,2,1,1
60475,7iC45VYt,1,brick,a chock for a wheel,1,3,2,2
60476,7iC45VYt,1,brick,something under a jack,1,3,1,2
60477,7iC45VYt,1,brick,a stablilizer,2,3,3,1
60478,7iC45VYt,1,brick,use it to raise water level in a toilet,4,5,3,3
60479,7iC45VYt,1,brick,flower beds,2,2,1,2
60480,7mMz4Cl3,1,brick,hammer a nail ,1,3,2,2
60481,7mMz4Cl3,1,brick,send a note to an enemy,5,4,3,3
60482,7mMz4Cl3,1,brick,break a window,1,2,1,2
60483,7mMz4Cl3,1,brick,build a house,2,1,1,1
60484,7mMz4Cl3,1,brick,door stop,1,2,1,1
60485,7mMz4Cl3,1,brick,paper weight,1,3,1,1
60486,7mMz4Cl3,1,brick,boat anchor,1,4,2,2
60487,7mMz4Cl3,1,brick,knock a guy out,2,3,1,2
60488,7mMz4Cl3,1,brick,squash a bug,2,4,1,2
60489,7oUpJA0Y,1,brick,door stop,2,1,1,1
60490,7oUpJA0Y,1,brick,breaking a window,2,2,1,1
60491,7oUpJA0Y,1,brick,paper weight,2,2,1,1
60492,7oUpJA0Y,1,brick,large game of Jenga,5,5,4,4
60493,7oUpJA0Y,1,brick,putting a car up on blocks,3,2,2,2
60494,7oUpJA0Y,1,brick,fire ,2,1,1,1
60495,7wM6Howz,1,brick,houses,2,1,1,1
60496,7wM6Howz,1,brick,chimney,2,1,1,1
60497,7wM6Howz,1,brick,stove,2,2,3,2
60498,7wM6Howz,1,brick,bonfire,2,2,2,1
60499,7wM6Howz,1,brick,weapon,2,3,1,1
60500,7wM6Howz,1,brick,wall,2,1,1,1
60501,8231icq2,1,brick,Build an Oven,3,1,1,1
60502,8231icq2,1,brick,Build a Fort,3,1,1,2
60503,8231icq2,1,brick,Use it as a nutcracker,2,3,2,1
60504,8231icq2,1,brick,Create a piece of modern art,5,4,3,1
60505,8231icq2,1,brick,Use it as a weight,2,2,1,1
60506,8231icq2,1,brick,Use it to anchor a boat,3,4,2,2
60507,8231icq2,1,brick,Use it as a table,3,4,2,1
60508,84I2QjCD,1,brick,Build a house,2,1,1,1
60509,84I2QjCD,1,brick,Landscaping,2,1,1,1
60510,84I2QjCD,1,brick,As a sidewalk,2,2,1,1
60511,84I2QjCD,1,brick,Build a chimney,3,1,1,1
60512,84I2QjCD,1,brick,Build a wall,2,1,1,1
60513,84I2QjCD,1,brick,Break a window,1,2,1,2
60514,84I2QjCD,1,brick,Build a firepit,2,1,1,2
60515,865alos8,1,brick,paper weight,2,2,1,1
60516,865alos8,1,brick,door stop,2,1,1,1
60517,865alos8,1,brick,wheel chock for a car wheel,3,3,2,1
60518,865alos8,1,brick,weapon,2,2,1,1
60519,865alos8,1,brick,support,2,2,1,1
60520,865alos8,1,brick,walkway,1,1,1,1
60521,865alos8,1,brick,border,2,2,1,1
60522,865alos8,1,brick,wall,1,1,1,1
60523,865alos8,1,brick,press,1,4,2,1
60524,8etU6423,1,brick,Paint it white and make it a snowman,5,5,3,4
60525,8etU6423,1,brick,Use it as a doorstop,1,2,1,1
60526,8etU6423,1,brick,Paint it to look like Frankenstein,5,5,3,4
60527,8etU6423,1,brick,Use it as a step when you can ALMOST reach something,2,3,2,2
60528,8gDXlAq1,1,brick,wall,1,1,1,1
60529,8gDXlAq1,1,brick,fireplace,2,1,1,1
60530,8gDXlAq1,1,brick,weights,2,2,1,1
60531,8gDXlAq1,1,brick,chimney,2,1,1,1
60532,8nIGic28,1,brick,paper weight,1,3,1,1
60533,8nIGic28,1,brick,step,1,2,1,1
60534,8nIGic28,1,brick,door stop,1,2,1,1
60535,8nIGic28,1,brick,stool,1,2,1,2
60536,8nIGic28,1,brick,marker,1,4,2,1
60537,8nIGic28,1,brick,nut crusher,4,5,2,2
60538,8rKs8DW2,1,brick,Building,2,1,1,1
60539,8rKs8DW2,1,brick,fire pit,2,1,1,2
60540,8rKs8DW2,1,brick,fire place,2,1,1,2
60541,8rKs8DW2,1,brick,cabin,4,1,1,2
60542,8rKs8DW2,1,brick,keeping a car from rolling,1,4,2,2
60543,8rKs8DW2,1,brick,anchoring items in the wind,2,4,2,2
60544,8rKs8DW2,1,brick,decoration,1,4,1,2
60545,8tmPV3b2,1,brick,Use as a hammer,1,4,2,2
60546,8tmPV3b2,1,brick,use to build something,2,1,1,1
60547,8tmPV3b2,1,brick,use as a door stop,1,2,1,1
60548,8tmPV3b2,1,brick,use as a paper weight,1,3,1,1
60549,8tmPV3b2,1,brick,use as stool,1,2,2,2
60550,8tmPV3b2,1,brick,use as a step,1,2,1,1
60551,8tmPV3b2,1,brick,use to break a window,1,3,1,2
60552,8tmPV3b2,1,brick,use to hold your place in line,1,3,3,3
60553,8tmPV3b2,1,brick,use as decoration,2,4,2,2
60554,8tmPV3b2,1,brick,use to keep your car from rolling,1,4,2,2
60555,8tmPV3b2,1,brick,use for garden step stone,2,3,1,3
60556,8tmPV3b2,1,brick,use for a marker,2,4,2,1
60557,8tmPV3b2,1,brick,use to hold a hose in place,2,3,2,2
60558,8UP73BqP,1,brick,door stopper,2,1,1,1
60559,8UP73BqP,1,brick,stepper,2,3,2,1
60560,8UP73BqP,1,brick,balance on head,5,1,3,1
60561,8UP73BqP,1,brick,throw to somebody when mad,2,2,1,2
60562,8x0NWvRS,1,brick,doorstop,2,1,1,1
60563,8x0NWvRS,1,brick,murder weapon,2,1,1,1
60564,8x0NWvRS,1,brick,masher ,2,3,2,1
60565,8x0NWvRS,1,brick,bookend,2,4,1,1
60566,8x0NWvRS,1,brick,weight,2,2,1,1
60567,8x0NWvRS,1,brick,hat,1,3,3,1
60568,8x0NWvRS,1,brick,shoe,1,3,3,1
60569,8x0NWvRS,1,brick,level,3,3,3,1
60570,8x0NWvRS,1,brick,garden,3,1,1,1
60571,8xBSw388,1,brick,build a house,2,1,1,1
60572,8xBSw388,1,brick,keep a door open,1,2,1,1
60573,8xBSw388,1,brick,hold papers down on a windy day,1,3,1,3
60574,8xBSw388,1,brick,be used as a stepping stool,1,3,2,2
60575,8xBSw388,1,brick,beautify the yard,2,4,1,2
60576,8xBSw388,1,brick,make a kids play house,3,1,1,2
60577,8ys0v7m4,1,brick,As a weight,1,3,1,1
60578,8ys0v7m4,1,brick,As a way to stack things,3,3,3,1
60579,8ys0v7m4,1,brick,As a stool,1,3,2,1
60580,8ys0v7m4,1,brick,As something to sit on,2,3,2,1
60581,8ys0v7m4,1,brick,As something to throw,1,4,2,1
60582,900RaAbM,1,brick,build a house,2,1,1,1
60583,900RaAbM,1,brick,fire pit,2,1,1,2
60584,900RaAbM,1,brick,self defense,1,3,1,2
60585,900RaAbM,1,brick,planter border,2,3,1,2
60586,90lmw7pq,1,brick,Organizer,2,2,2,1
60587,90lmw7pq,1,brick,table,2,2,1,1
60588,90lmw7pq,1,brick,brick,1,1,1,1
60589,90lmw7pq,1,brick,barrier.,1,2,1,1
60590,978s3cff,1,brick,Building material,2,1,1,1
60591,978s3cff,1,brick,"Ground up, used to make into paint or dye",4,3,3,2
60592,978s3cff,1,brick,used to make a dam,2,3,3,2
60593,978s3cff,1,brick,Weapon,2,3,1,1
60594,978s3cff,1,brick,Doorstop,1,2,1,1
60595,978s3cff,1,brick,"as a Weight, for exercising",2,3,2,1
60596,978s3cff,1,brick,use it to crush snails,2,4,2,3
60597,99ao74dS,1,brick,make a building ,2,1,1,1
60598,99ao74dS,1,brick,used as a weight underwater,1,4,2,2
60599,99ao74dS,1,brick,weapon,2,3,1,1
60600,99ao74dS,1,brick,weight in general,1,3,1,1
60601,99ao74dS,1,brick,work out tool,3,3,2,2
60602,99LrpkPZ,1,brick,Smash a window,1,3,1,2
60603,99LrpkPZ,1,brick,doorstop,1,2,1,1
60604,99LrpkPZ,1,brick,paper weight,1,3,1,1
60605,99LrpkPZ,1,brick,decor,1,4,1,1
60606,99LrpkPZ,1,brick,prop something up for a photo,3,3,1,2
60607,99LrpkPZ,1,brick,As a stepping stool for a kid too short to reach the sink or light switch,4,3,2,4
60608,99LrpkPZ,1,brick,take up tank space in a toilet,5,5,3,3
60609,99LrpkPZ,1,brick,"weigh down something you want to sink, like a murder weapon",2,3,2,3
60610,99LrpkPZ,1,brick,use as a weapon,2,3,1,2
60611,99LrpkPZ,1,brick,in a fishtank as decoration,3,5,3,3
60612,99LrpkPZ,1,brick,strength training,3,3,2,2
60613,9cGn0FdJ,1,brick,for a phone ,1,1,3,2
60614,9cGn0FdJ,1,brick,for weight lifting supplements,4,2,2,1
60615,9cGn0FdJ,1,brick,for exercise equipment,4,2,3,1
60616,9cGn0FdJ,1,brick,for a laxative,1,1,4,1
60617,9DATQk19,1,brick,paper weight,1,3,1,1
60618,9DATQk19,1,brick,prop open a door,1,2,1,1
60619,9DATQk19,1,brick,tie up your dog to,2,5,2,2
60620,9DATQk19,1,brick,use to make a bookshelf,2,2,2,2
60621,9qInF3rw,1,brick,Build a wall,1,1,1,1
60622,9qInF3rw,1,brick,Build a house,1,1,1,1
60623,9qInF3rw,1,brick,Build a raised garden,3,1,1,2
60624,9qInF3rw,1,brick,Use as a paper-weight,2,2,1,1
60625,9qInF3rw,1,brick,Break open a coconut,3,3,1,2
60626,9qInF3rw,1,brick,smash and use as driveway gravel,4,1,2,1
60627,9qInF3rw,1,brick,Use as a tire stop in winter,3,2,2,1
60628,9stodL1U,1,brick,paperweight,1,3,1,1
60629,9stodL1U,1,brick,hold a water hose in place,3,3,3,2
60630,9stodL1U,1,brick,break up & use in the bottom of plant pots to hold soil in,4,4,3,4
60631,9stodL1U,1,brick,doorstop,1,2,1,1
60632,9stodL1U,1,brick,hollow out & use to plant small airplants,4,4,5,3
60633,9stodL1U,1,brick,break something - a window,1,2,1,2
60634,9stodL1U,1,brick,prop,1,2,1,1
60635,9tIJP9tr,1,brick,building construction,1,1,1,1
60636,9tIJP9tr,1,brick,throwing a dog,2,2,1,1
60637,9tIJP9tr,1,brick,hitting a person,2,2,1,1
60638,9wW6AB6o,1,brick,Building a house,1,1,1,1
60639,9wW6AB6o,1,brick,Throwing it at someone,2,2,1,1
60640,9wW6AB6o,1,brick,breaking into a car,2,2,1,1
60641,9wW6AB6o,1,brick,breaking someone's skull,4,1,2,2
60642,9wW6AB6o,1,brick,sitting on,3,2,2,1
60643,9wW6AB6o,1,brick,painting on,3,3,2,1
60644,9wW6AB6o,1,brick,building a hurricane shelter,4,1,2,2
60645,9wW6AB6o,1,brick,throwing off an interstate,3,2,1,1
60646,9wW6AB6o,1,brick,breaking a window,2,2,1,1
60647,9wW6AB6o,1,brick,in a fight,2,2,1,1
60648,9wW6AB6o,1,brick,grabbing on to.,2,2,2,1
60649,9Xxv7HVW,1,brick,Build walls,2,1,1,1
60650,9Xxv7HVW,1,brick,Paperweight,1,3,1,1
60651,9Xxv7HVW,1,brick,Break windows,1,2,1,2
60652,9Xxv7HVW,1,brick,Planter box,2,3,1,2
60653,9Xxv7HVW,1,brick,Patio,2,1,1,2
60654,9Xxv7HVW,1,brick,Door Stop,1,2,1,1
60655,9Xxv7HVW,1,brick,BBQ Pit,2,1,2,2
60656,9Xxv7HVW,1,brick,Sidewalk,2,1,1,1
60657,9Xxv7HVW,1,brick,Stairs,2,1,1,1
60658,9Xxv7HVW,1,brick,Fireplace,2,1,1,2
60659,A04NGLXd,1,brick,Used to build a house,2,1,1,1
60660,A04NGLXd,1,brick,Used to build an underpinning on a trailer or double wide,2,3,1,3
60661,A04NGLXd,1,brick,Use to make an outdoor oven or grill,2,2,1,2
60662,A04NGLXd,1,brick,Used to build a flowerbed or garden,2,1,1,2
60663,A04NGLXd,1,brick,Used to put around a pond,2,1,1,2
60664,A04NGLXd,1,brick,Used to put around trees,2,2,1,2
60665,A04NGLXd,1,brick,Used around a fireplace,2,1,1,2
60666,A04NGLXd,1,brick,Used for a chimney,2,1,1,1
60667,a1sXl67O,1,brick,building wall,2,1,1,1
60668,a1sXl67O,1,brick,weapon,2,3,1,1
60669,a1sXl67O,1,brick,sculpture,2,4,2,2
60670,a1sXl67O,1,brick,barrier,1,2,1,1
60671,a1sXl67O,1,brick,door jam,1,2,1,1
60672,a1sXl67O,1,brick,steps,1,1,1,1
60673,a1sXl67O,1,brick,paperweight,1,3,1,1
60674,a1sXl67O,1,brick,window breaker,1,2,1,2
60675,a1sXl67O,1,brick,keep car from rolling,1,4,2,2
60676,a1sXl67O,1,brick,artifact,2,5,2,1
60677,a22F7mGo,1,brick,paper weight,2,2,1,1
60678,a22F7mGo,1,brick,door stopper,2,1,1,1
60679,a22F7mGo,1,brick,use it with other objects to build a doll house,3,1,1,2
60680,a22F7mGo,1,brick,shelf or table for small items,2,1,2,1
60681,a22F7mGo,1,brick,separate books of a certain category,3,3,2,2
60682,a3C6fX0r,1,brick,a dumbell,3,4,4,2
60683,a3C6fX0r,1,brick,a paper weight,2,1,1,1
60684,a3C6fX0r,1,brick,foot massager,5,4,3,2
60685,a3C6fX0r,1,brick,a grinder,2,4,3,2
60686,a86AOJNG,1,brick,use as weapon,2,3,1,2
60687,a86AOJNG,1,brick,grind into powder,5,4,2,1
60688,a86AOJNG,1,brick,decoration,1,4,1,2
60689,a86AOJNG,1,brick,door stopper,1,2,1,1
60690,a86AOJNG,1,brick,paper weight,1,3,1,1
60691,aCvQh67K,1,brick,fireplace,2,1,1,2
60692,aCvQh67K,1,brick,walkway,2,1,1,1
60693,aCvQh67K,1,brick,hold down paper,1,3,1,2
60694,aCvQh67K,1,brick,build things,2,1,1,1
60695,ad0TqaYE,1,brick,Use it as a weight,2,2,1,1
60696,AGYRgU1p,1,brick,build a wall,2,1,1,1
60697,AGYRgU1p,1,brick,house,2,1,1,1
60698,AGYRgU1p,1,brick,bridge,2,1,1,2
60699,AGYRgU1p,1,brick,skyscraper,2,1,1,2
60700,AGYRgU1p,1,brick,art,2,5,2,1
60701,aiu7Y4jY,1,brick,garden,2,2,1,2
60702,aiu7Y4jY,1,brick,house,2,1,1,1
60703,aiu7Y4jY,1,brick,fireplace,2,1,1,2
60704,aiu7Y4jY,1,brick,dog house,2,2,1,2
60705,aiu7Y4jY,1,brick,design,1,4,2,1
60706,aKRPi4oZ,1,brick,BUILD A HOUSE,2,1,1,1
60707,aKRPi4oZ,1,brick,THROW THROUGH A WINDOW,1,3,1,2
60708,aKRPi4oZ,1,brick,DOOR STOP,1,2,1,1
60709,aKRPi4oZ,1,brick,DECORATION AS PART OF CHIMINEY,2,4,1,2
60710,aKRPi4oZ,1,brick,PAPER WEIGHT,1,3,1,1
60711,aKRPi4oZ,1,brick,TO STOP A CAR FROM ROLLING AHEAD OR Back,1,4,2,2
60712,aKRPi4oZ,1,brick,TO STOP SOMETHING FROM FLYING AWAY DURING STRONG WINDS,1,3,1,2
60713,aKRPi4oZ,1,brick,TO STAND ON IN ORDER TO SEE OVER SOME,3,3,2,2
60714,an58NLsL,1,brick,keep a door open,1,2,1,1
60715,an58NLsL,1,brick,smash in a window,1,3,1,2
60716,an58NLsL,1,brick,hold down some papers,1,3,1,2
60717,an58NLsL,1,brick,spray paint into a sculpture,3,5,3,2
60718,an58NLsL,1,brick,use as a cutting board,2,5,3,2
60719,an58NLsL,1,brick,lay on a counter top,2,1,1,1
60720,an58NLsL,1,brick,make a driveway or a walkway,2,1,1,1
60721,an58NLsL,1,brick,use in an oven as a pizza stone,2,4,3,2
60722,an58NLsL,1,brick,use as a secret message (ie leave the brick on the corner of north and wabash!),5,5,2,4
60723,an58NLsL,1,brick,grind into dust,5,4,2,1
60724,an58NLsL,1,brick,play catch,3,4,3,2
60725,aP33crx5,1,brick,paperweight,2,2,1,1
60726,aP33crx5,1,brick,door stop,2,1,1,1
60727,aP33crx5,1,brick,blunt weapon,2,2,2,1
60728,aP33crx5,1,brick,art material,4,4,3,1
60729,aP33crx5,1,brick,wall component,1,1,1,1
60730,aP33crx5,1,brick,bed riser,4,3,2,2
60731,aP33crx5,1,brick,room divider,2,3,1,1
60732,aP33crx5,1,brick,hot stone,4,4,2,1
60733,aP33crx5,1,brick,bookend,2,4,1,1
60734,aPAbQF7T,1,brick,build a house,1,1,1,1
60735,aPAbQF7T,1,brick,make a perimeter,4,1,1,1
60736,aPAbQF7T,1,brick,paperweight,2,2,1,1
60737,AtOs67ky,1,brick,step stool,2,3,2,1
60738,AtOs67ky,1,brick,counter weight for clock,3,2,3,2
60739,AtOs67ky,1,brick,Big Ben,2,1,3,1
60740,AtOs67ky,1,brick,marker for pet grave,5,2,3,4
60741,AtOs67ky,1,brick,use for lifting weight,4,2,2,2
60742,AtOs67ky,1,brick,to smooth wallpaper,4,5,4,2
60743,AtOs67ky,1,brick,use to smooth calluses,4,2,3,2
60744,AtOs67ky,1,brick,to prop open a window,2,2,1,2
60745,Au6dHbiR,1,brick,wall,2,1,1,1
60746,Au6dHbiR,1,brick,paperweight,1,3,1,1
60747,Au6dHbiR,1,brick,kill a bug,2,4,1,2
60748,Au6dHbiR,1,brick,break a window,1,2,1,2
60749,Au6dHbiR,1,brick,write on sidewalk,2,4,3,2
60750,Au6dHbiR,1,brick,use as bookstands,2,4,2,2
60751,AW7FwnXu,1,brick,paper weight,1,3,1,1
60752,AW7FwnXu,1,brick,platform for something to raise something off the ground,2,4,1,1
60753,AW7FwnXu,1,brick,door stop,1,2,1,1
60754,AW7FwnXu,1,brick,weapon,2,3,1,1
60755,AW7FwnXu,1,brick,tool to hammer with,1,3,2,2
60756,AW7FwnXu,1,brick,tool to turn over a gopher tortoise,5,3,4,4
60757,b180td4X,1,brick,Edge a garden.,2,1,1,2
60758,b180td4X,1,brick,Paper weight.,1,3,1,1
60759,b180td4X,1,brick,Use it to sharpen a tool.,2,4,3,2
60760,b180td4X,1,brick,Use several to hold a tarp in place,1,3,1,2
60761,b180td4X,1,brick,Build a wall with them.,2,1,1,1
60762,b180td4X,1,brick,Build a walkway.,2,1,1,1
60763,B8EkU1fk,1,brick,buildings,1,1,1,1
60764,B8EkU1fk,1,brick,roads,1,2,1,1
60765,B8EkU1fk,1,brick,sidewalks,1,1,1,1
60766,B8EkU1fk,1,brick,break windows,2,2,1,1
60767,B8EkU1fk,1,brick,weigh something down ,2,2,1,1
60768,B8x6J8Cu,1,brick,Patio pavers,1,1,1,1
60769,B8x6J8Cu,1,brick,chimneys,2,1,1,1
60770,B8x6J8Cu,1,brick,walls,1,1,1,1
60771,B8x6J8Cu,1,brick,barbeques,2,2,1,2
60772,B8x6J8Cu,1,brick,siding for houses and buildings,2,1,1,1
60773,B8x6J8Cu,1,brick,sidewalks,1,1,1,1
60774,B8x6J8Cu,1,brick,window wells siding,2,1,1,1
60775,B8x6J8Cu,1,brick,stepping stones,2,3,1,1
60776,BB3KJdhl,1,brick,A WALL,1,1,1,1
60777,BB3KJdhl,1,brick,A HOUSE,1,1,1,2
60778,BB3KJdhl,1,brick,THROW,1,2,1,1
60779,BB3KJdhl,1,brick,BUILD,1,1,1,1
60780,BB3KJdhl,1,brick,FIREPLACE,2,1,1,1
60781,BB3KJdhl,1,brick,U COULD SIT ON IT,3,3,2,1
60782,BB3KJdhl,1,brick,BUILD FLOWER PLANTER,3,1,1,2
60783,BETA8TpC,1,brick,closing the oven,1,3,1,2
60784,BETA8TpC,1,brick,pave your road if muddy,4,1,1,2
60785,BETA8TpC,1,brick,scratch,2,2,2,1
60786,BETA8TpC,1,brick,brake a window,1,2,1,2
60787,BETA8TpC,1,brick,keep your bbq warm,2,5,3,2
60788,BETA8TpC,1,brick,doorstop,1,2,1,1
60789,BETA8TpC,1,brick,smash nuts,4,5,1,2
60790,bfOfv2B9,1,brick,Closing an oven.,2,2,1,1
60791,bfOfv2B9,1,brick,Holding in plants and flowers in a front lawn,4,1,1,2
60792,bfOfv2B9,1,brick,Using as a decorative piece in a walk way or yard.,3,2,1,1
60793,bfOfv2B9,1,brick,Using a brick to prop a door open.,2,1,1,1
60794,bfOfv2B9,1,brick,Using a brick to keep a door closed.,2,3,1,1
60795,bfOfv2B9,1,brick,Closing an oven door,2,2,1,1
60796,bfOfv2B9,1,brick,Propping an oven door open.,3,3,1,2
60797,C67DPV18,1,brick,door stop,2,1,1,1
60798,C67DPV18,1,brick,paper weight,2,2,1,1
60799,C67DPV18,1,brick,weapon for protection,3,2,1,1
60800,C67DPV18,1,brick,book end,2,4,1,1
60801,C67DPV18,1,brick,coconut smasher,3,3,2,2
60802,C67DPV18,1,brick,rolling pin/flattener,3,4,2,1
60803,C8q1Ph4i,1,brick,paper weight,2,2,1,1
60804,C8q1Ph4i,1,brick,door stopper,2,1,1,1
60805,C8q1Ph4i,1,brick,shot put practice,5,4,3,4
60806,C8q1Ph4i,1,brick,bookend,2,4,1,1
60807,C8q1Ph4i,1,brick,message through a window,1,2,2,2
60808,C8q1Ph4i,1,brick,mini chalk board,5,4,3,2
60809,Ce87d074,1,brick,Use as a weapon.,2,2,1,1
60810,Ce87d074,1,brick,Throw through a window.,2,2,1,1
60811,Ce87d074,1,brick,Hold a door.,2,1,1,1
60812,Ce87d074,1,brick,Place on top a stack of papers.,2,2,1,1
60813,Ce87d074,1,brick,Draw a rectangle from its shape.,5,4,2,2
60814,Ce87d074,1,brick,Weigh it.,2,2,1,1
60815,Cg25X24o,1,brick,Paper weight,1,3,1,1
60816,Cg25X24o,1,brick,door stop,1,2,1,1
60817,Cg25X24o,1,brick,hold row books,1,4,1,2
60818,cMdakEnx,1,brick,Build,1,1,1,1
60819,cMdakEnx,1,brick,Smash something,2,2,1,1
60820,cMdakEnx,1,brick,Hammer,3,2,2,1
60821,cMdakEnx,1,brick,Percussion Instrument,5,2,3,3
60822,cMdakEnx,1,brick,Stepping stone over a puddle,4,3,1,1
60823,cMdakEnx,1,brick,stepping stool,2,3,2,1
60824,cMdakEnx,1,brick,oven lining,3,1,2,1
60826,Ct2dB902,1,brick,FLOWER GARDEN,2,2,1,2
60827,Ct2dB902,1,brick,DOOR STOP,1,2,1,1
60828,Ct2dB902,1,brick,BOOK ENDS,2,4,2,2
60829,Ct2dB902,1,brick,PAPER WEIGHT,1,3,1,1
60830,Ct2dB902,1,brick,FLOWER ARRANGEMENT,3,3,4,2
60831,D0oEDjkj,1,brick,fire pits,2,1,1,1
60832,D0oEDjkj,1,brick,buildings,1,1,1,1
60833,D0oEDjkj,1,brick,make art,3,3,2,1
60834,D0oEDjkj,1,brick,use in gardens,3,1,1,1
60835,D0oEDjkj,1,brick,sidewalks,1,1,1,1
60836,D0oEDjkj,1,brick,prop things,2,1,1,1
60837,D13S9Cg0,1,brick,Smashing someones head,2,2,1,1
60838,D13S9Cg0,1,brick,Building a house,1,1,1,1
60839,D13S9Cg0,1,brick,Building a pyramid,4,1,1,2
60840,D13S9Cg0,1,brick,Throwing through a window,2,2,1,1
60841,D13S9Cg0,1,brick,Smashing cars,2,2,1,1
60842,D13S9Cg0,1,brick,Murder weapon,2,1,1,1
60843,D13S9Cg0,1,brick,Casket,5,1,3,2
60844,D13S9Cg0,1,brick,Walkway,1,1,1,1
60845,D13S9Cg0,1,brick,Burial Vault,4,1,4,1
60846,dCKR8659,1,brick,door stop,1,2,1,1
60847,dCKR8659,1,brick,weapon,2,3,1,1
60848,dCKR8659,1,brick,paper weight,1,3,1,1
60849,dCKR8659,1,brick,weight lifting object,3,3,2,2
60850,dCKR8659,1,brick,flower pot base,2,2,2,2
60851,dCKR8659,1,brick,step ladder,1,2,1,2
60852,DD94108z,1,brick,build a house,1,1,1,1
60853,DD94108z,1,brick,paint into an art project,4,3,2,1
60854,DD94108z,1,brick,bury them to fill a hole. ,3,1,3,1
60855,DD94108z,1,brick,make stairs,2,1,1,1
60856,DD94108z,1,brick,build a fire ring,2,1,1,1
60857,DD94108z,1,brick,use for cellar walls,1,1,1,1
60858,DD94108z,1,brick,make a flower bed,4,1,1,1
60859,DD94108z,1,brick,use to put tires on,3,2,2,2
60860,DD94108z,1,brick,throw at someone,2,2,1,1
60861,DD94108z,1,brick,brace a bed,4,3,2,1
60862,DD94108z,1,brick,hold down paper,2,2,1,1
60863,dF90wsE2,1,brick,Weapon,2,2,1,1
60864,dF90wsE2,1,brick,platform,2,3,1,1
60865,dF90wsE2,1,brick,step,2,3,1,1
60866,dF90wsE2,1,brick,building block,1,1,1,1
60867,dF90wsE2,1,brick,wheel lock,3,3,2,1
60868,dF90wsE2,1,brick,bridge,2,1,2,1
60869,dF90wsE2,1,brick,weight,2,2,1,1
60870,dF90wsE2,1,brick,sinker,2,3,2,1
60871,dJl6KX4C,1,brick,build a house,2,1,1,1
60872,dJl6KX4C,1,brick,build a wall,2,1,1,1
60873,dJl6KX4C,1,brick,use as a paper weight,1,3,1,1
60874,dJl6KX4C,1,brick,door stop,1,2,1,1
60875,dJl6KX4C,1,brick,weapon,2,3,1,1
60876,dJl6KX4C,1,brick,pave a road,2,1,1,1
60877,Ds5W7uZh,1,brick,Build a house,1,1,1,1
60878,Ds5W7uZh,1,brick,build a wall,1,1,1,1
60879,Ds5W7uZh,1,brick,paperweight,2,2,1,1
60880,Ds5W7uZh,1,brick,Break a window,2,2,1,1
60881,Ds5W7uZh,1,brick,cook meat under it to press the meat,5,4,2,2
60882,Ds5W7uZh,1,brick,Heat it and cook food on top of it,4,4,3,2
60883,Ds5W7uZh,1,brick,Step on it to gain a little height for reaching,3,3,2,1
60884,Ds5W7uZh,1,brick,Make a garden path,3,1,1,1
60885,Ds5W7uZh,1,brick,Wedge it under the tire of a wheel barrow to keep the wheel barrow from rolling down a hill,3,3,2,2
60886,Ds5W7uZh,1,brick,lift it as a weight for exercise,4,3,2,2
60887,dwgD2J8Z,1,brick,to hold papers,1,3,1,1
60888,dwgD2J8Z,1,brick,to hit someone in the head,2,3,1,2
60889,dwgD2J8Z,1,brick,to draw in the floor,3,4,2,2
60890,dwgD2J8Z,1,brick,to take the bad part of a fruit or a vegetable,4,3,3,2
60891,DXQb2R2M,1,brick,Wall,2,1,1,1
60892,DXQb2R2M,1,brick,Street,2,1,1,1
60893,DXQb2R2M,1,brick,building,2,1,1,1
60894,DXQb2R2M,1,brick,sidewalk,2,1,1,1
60895,DXQb2R2M,1,brick,school,2,1,1,1
60896,DXQb2R2M,1,brick,house,2,1,1,1
60897,DXQb2R2M,1,brick,firehouse,2,1,1,2
60898,e1t22a36,1,brick,Door stop,2,1,1,1
60899,e1t22a36,1,brick,book holder,2,4,1,1
60900,e1t22a36,1,brick,fixing an unstable table,3,3,1,2
60901,e1t22a36,1,brick,ash tray,5,1,3,2
60902,e1t22a36,1,brick,to color with chalk on,5,5,4,1
60903,e1t22a36,1,brick,for hanging your heels off to stretch them,5,3,3,3
60904,e1t22a36,1,brick,building,1,1,1,1
60905,e1t22a36,1,brick,to prop up a window,2,2,1,2
60906,e1t22a36,1,brick,to hold down fabric when its windy,4,2,1,1
60907,e1t22a36,1,brick,to weigh something down so you can drop it to the bottom of the ocean,5,3,2,3
60908,e1t22a36,1,brick,paint a face on it and call it a pet,5,5,3,3
60909,E2W2flhW,1,brick,use as a doorstop,1,2,1,1
60910,E2W2flhW,1,brick,use as a paperweight,1,3,1,1
60911,E2W2flhW,1,brick,break a widow,1,2,1,2
60912,E2W2flhW,1,brick,use as a weapon,2,3,1,2
60913,E2W2flhW,1,brick,use as an anchor,1,4,2,2
60920,e72hRl7Y,1,brick,Weapon,2,3,1,1
60921,e72hRl7Y,1,brick,support system,2,3,1,1
60922,e72hRl7Y,1,brick,walkway,2,1,1,1
60923,Ei6PYuoa,1,brick,smash windows,2,2,1,1
60924,Ei6PYuoa,1,brick,smash faces,2,2,1,1
60925,Ei6PYuoa,1,brick,fake phone,5,4,4,2
60926,Ei6PYuoa,1,brick,stop for car,3,4,2,2
60927,Ei6PYuoa,1,brick,lead foot for car,3,4,3,3
60928,eKeAvV0P,1,brick,build a house,2,1,1,1
60929,eKeAvV0P,1,brick,build a wall,2,1,1,1
60930,eKeAvV0P,1,brick,throw at a window,1,3,1,2
60931,eKeAvV0P,1,brick,lay a garden path,2,1,1,2
60932,eKeAvV0P,1,brick,lay a walkway,2,1,1,1
60933,eKeAvV0P,1,brick,hold open a door,1,2,1,1
60934,eKeAvV0P,1,brick,close up a doorway,1,3,1,2
60935,eKeAvV0P,1,brick,close up a fireplace,1,3,1,2
60936,eKeAvV0P,1,brick,hold down paper on a desk,1,3,1,2
60937,eKeAvV0P,1,brick,hold open a gate,1,2,1,2
60938,eKeAvV0P,1,brick,use to warm hands after heating brick,3,4,3,3
60939,eKeAvV0P,1,brick,sink something into water,2,4,2,2
60940,eKeAvV0P,1,brick,block a doorway,1,3,1,1
60941,EO5hLP9v,1,brick,Used as a paperweight,2,2,1,1
60942,EO5hLP9v,1,brick,Stepped on in order to reach something on a high shelf,3,3,2,1
60943,EO5hLP9v,1,brick,Tie a balloon to it to keep it from floating away,5,4,3,3
60944,EO5hLP9v,1,brick,Use it to crack open walnuts,2,3,2,2
60945,EoD82940,1,brick,house,2,1,1,1
60946,EoD82940,1,brick,walkway,2,1,1,1
60947,EoD82940,1,brick,wall,2,1,1,1
60948,EoD82940,1,brick,steps,1,1,1,1
60949,EoD82940,1,brick,weapon,2,3,1,1
60950,EoD82940,1,brick,shield,2,3,2,2
60951,EoD82940,1,brick,color,3,4,1,1
60952,EoD82940,1,brick,hotel,2,1,1,2
60953,EoD82940,1,brick,building,2,1,1,1
60954,F6C3p16Q,1,brick,weapon,2,2,1,1
60955,F6C3p16Q,1,brick,table level,3,2,2,1
60956,F6C3p16Q,1,brick,yard decor,3,3,1,1
60957,F6C3p16Q,1,brick,hammer,3,2,2,1
60958,F6C3p16Q,1,brick,weight,2,2,1,1
60959,F6C3p16Q,1,brick,anchor,3,4,2,2
60960,F6C3p16Q,1,brick,tire stop,3,3,2,2
60961,F74d5I2Y,1,brick,build a house,1,1,1,1
60962,F74d5I2Y,1,brick,build a firepit,2,1,1,1
60963,F74d5I2Y,1,brick,build a wall,1,1,1,1
60964,F74d5I2Y,1,brick,paint the brick,3,3,2,1
60965,F74d5I2Y,1,brick,use as a weight,2,2,1,1
60966,faOPf746,1,brick,doorstop,2,1,1,1
60967,faOPf746,1,brick,heat and wrap up as foot warmer for cold nights,5,5,4,3
60968,faOPf746,1,brick,bookend,2,4,1,1
60969,faOPf746,1,brick,conk burglar on head,3,2,3,3
60970,faOPf746,1,brick,use between planks to make shelves,3,2,2,1
60971,faOPf746,1,brick,paperweight,2,2,1,1
60972,faOPf746,1,brick,use small piece as chalk,4,5,3,1
60973,faOPf746,1,brick,put underneath computer screen to raise higher,4,4,2,2
60974,faOPf746,1,brick,prop open window,2,1,1,1
60975,fuw6erRl,1,brick,Build a house,2,1,1,1
60976,fuw6erRl,1,brick,Build a sidewalk,2,1,1,1
60977,fuw6erRl,1,brick,Build a fire pit,2,1,1,2
60978,fuw6erRl,1,brick,Level something out,2,3,2,1
60979,FVKi04e2,1,brick,Build a house,1,1,1,1
60980,FVKi04e2,1,brick,Make a driveway,1,1,1,1
60981,FVKi04e2,1,brick,Build a sidewalk,1,1,1,1
60982,FVKi04e2,1,brick,Prop open a door,2,1,1,1
60983,FVKi04e2,1,brick,Throw it through a window,2,2,1,1
60984,FVKi04e2,1,brick,Build a chimney,2,1,1,1
60985,FVKi04e2,1,brick,Place on top of chicken while cooking,5,4,2,2
60986,FVKi04e2,1,brick,Help to bring up the temperature of an oven,5,4,3,2
60987,FVKi04e2,1,brick,Build an oven,3,1,1,1
60988,fZ6O1FFo,1,brick,House,2,1,1,1
60989,fZ6O1FFo,1,brick,Protect,1,3,1,1
60990,fZ6O1FFo,1,brick,Surround,2,2,1,1
60991,g4H0570f,1,brick,art project,3,5,2,1
60992,g4H0570f,1,brick,propping up table,1,3,1,2
60993,g4H0570f,1,brick,centerpeice for table,3,5,2,3
60994,g4H0570f,1,brick,measuring items,3,4,3,2
60995,g4H0570f,1,brick,cracking nuts,4,5,2,2
60996,g4H0570f,1,brick,yard ornament,2,4,2,2
60997,g4H0570f,1,brick,building something,2,1,1,1
60998,g4H0570f,1,brick,stepping stone,1,1,1,2
60999,gf1ZRJqF,1,brick,BUILDING,2,1,1,1
61000,gf1ZRJqF,1,brick,OVEN,2,3,1,1
61001,gf1ZRJqF,1,brick,DECORATION,1,4,1,2
61002,GFR0BPPd,1,brick,build a house,2,1,1,1
61003,GFR0BPPd,1,brick,build a bridge,2,1,1,2
61004,GFR0BPPd,1,brick,make steps,1,1,1,1
61005,GFR0BPPd,1,brick,stepping stones,1,1,1,2
61006,GFR0BPPd,1,brick,build a barrier,2,1,1,2
61007,GFR0BPPd,1,brick,fence,2,1,1,2
61008,gIk5xOKf,1,brick,weapon,2,3,1,1
61009,gIk5xOKf,1,brick,sidewalk,2,1,1,1
61010,gIk5xOKf,1,brick,gold,1,1,3,1
61011,gIk5xOKf,1,brick,doorstop,1,2,1,1
61012,gIk5xOKf,1,brick,paperweight,1,3,1,1
61013,gIk5xOKf,1,brick,chalk,2,4,2,2
61014,gjA0Fn4P,1,brick,Building a house,2,1,1,1
61015,gjA0Fn4P,1,brick,throwing at someone,1,3,1,2
61016,gjA0Fn4P,1,brick,paper weight,1,3,1,1
61017,gjA0Fn4P,1,brick,door stop,1,2,1,1
61018,gjA0Fn4P,1,brick,decoration,1,4,1,2
61019,gjA0Fn4P,1,brick,building a building ,2,1,1,1
61020,gjA0Fn4P,1,brick,breaking into rocks ,2,2,2,2
61021,gjA0Fn4P,1,brick,putting under wood to create a bicycle ramp,5,4,4,4
61022,gjA0Fn4P,1,brick,filling a hole ,2,4,2,1
61023,gjA0Fn4P,1,brick,heating and cooking food on ,2,5,2,3
61024,gjA0Fn4P,1,brick,putting in front of a tire to stop a car from rolling,1,4,2,2
61025,gjA0Fn4P,1,brick,putting a hole in a wall,2,3,2,2
61026,gjA0Fn4P,1,brick,putting under a chair leg so that the chair stands up right ,2,3,2,2
61027,gjA0Fn4P,1,brick,giving as a gift if its special in some way ,5,3,4,3
61028,H0S1Pt9i,1,brick,Construction,2,3,1,1
61029,H0S1Pt9i,1,brick,Weapon,2,3,1,1
61030,H0S1Pt9i,1,brick,Place in the back of a toilet to reduce water usage,5,5,4,3
61031,H0S1Pt9i,1,brick,Decoration,1,4,1,2
61032,H0S1Pt9i,1,brick,To prop something up,2,2,1,1
61033,H0S1Pt9i,1,brick,Art,2,5,2,1
61034,H0S1Pt9i,1,brick,Door stop,1,2,1,1
61035,H0S1Pt9i,1,brick,As a step,1,3,1,1
61036,h9jx69Z9,1,brick,paper weight,1,3,1,1
61037,h9jx69Z9,1,brick,weapon,2,3,1,1
61038,h9jx69Z9,1,brick,heating element,2,5,2,2
61039,h9jx69Z9,1,brick,Book shelves,2,2,2,2
61040,h9jx69Z9,1,brick,bug smasher,3,4,3,3
61041,h9jx69Z9,1,brick,window smasher,1,2,1,2
61042,h9jx69Z9,1,brick,key hider,4,5,2,3
61043,h9jx69Z9,1,brick,garden paver,2,2,1,2
61044,h9jx69Z9,1,brick,sidewalk paver,2,1,1,1
61045,hF5xX42i,1,brick,build fireplace,2,1,1,1
61046,hF5xX42i,1,brick,door stop,2,1,1,1
61047,hF5xX42i,1,brick,decorate for paper weight,3,1,2,2
61048,hF5xX42i,1,brick,build fence,2,1,1,1
61049,hF5xX42i,1,brick,build house,1,1,1,1
61050,hF5xX42i,1,brick,use as prop for story about three little pigs,5,3,5,4
61051,hF5xX42i,1,brick,hold open a gate,2,1,1,1
61052,hF5xX42i,1,brick,keep trash can lid on,3,3,2,2
61053,hF5xX42i,1,brick,prop up leg of furniture,3,2,2,2
61054,hF5xX42i,1,brick,prop up item being worked on,3,2,2,1
61055,hF5xX42i,1,brick,displace water in bucket to raise level,5,4,4,2
61056,hF5xX42i,1,brick,practice painting,3,3,2,1
61057,HKol406l,1,brick,build a wall,1,1,1,1
61058,HKol406l,1,brick,break a window,2,2,1,1
61059,HKol406l,1,brick,paper weight,2,2,1,1
61060,hN3iIJxi,1,brick,hammer,3,2,2,1
61061,hN3iIJxi,1,brick,door stop,2,1,1,1
61062,hN3iIJxi,1,brick,paper weight,2,2,1,1
61063,hN3iIJxi,1,brick,lifting/exercise weight,4,3,2,2
61064,hN3iIJxi,1,brick,weapon,2,2,1,1
61065,hN3iIJxi,1,brick,toy,2,3,2,1
61066,hy14tJ32,1,brick,prop up a chair,1,3,1,2
61067,hy14tJ32,1,brick,break glass,1,2,1,1
61068,hy14tJ32,1,brick,paperweight,1,3,1,1
61069,hy14tJ32,1,brick,weights for working out,3,3,2,2
61070,hy14tJ32,1,brick,step stool,1,2,1,2
61071,hy14tJ32,1,brick,decoration,1,4,1,2
61072,hy14tJ32,1,brick,build a wall,2,1,1,1
61073,hy14tJ32,1,brick,build a footpath,2,1,1,1
61074,I0w7ZH4h,1,brick,prop,1,1,2,1
61075,I0w7ZH4h,1,brick,scratcher,1,3,3,1
61076,I0w7ZH4h,1,brick,paper weight,2,2,1,1
61077,I0w7ZH4h,1,brick,weights,2,2,1,1
61078,I0w7ZH4h,1,brick,stairs,1,1,1,1
61079,I0w7ZH4h,1,brick,weapon,2,2,1,1
61080,I0w7ZH4h,1,brick,fireplace,2,1,1,1
61081,I0w7ZH4h,1,brick,prod,1,4,2,1
61082,I1jszdth,1,brick,STACK LIKE DOMINOS,4,4,1,3
61083,I1jszdth,1,brick,BUILD A HOUSE,2,1,1,1
61084,I22Wl2uZ,1,brick,color for room,4,1,4,2
61085,I22Wl2uZ,1,brick,bad pillow,2,2,4,3
61086,I9fd07YI,1,brick,build a wall,2,1,1,1
61087,I9fd07YI,1,brick,hold down a tarp,1,3,1,2
61088,I9fd07YI,1,brick,support a planter,2,3,1,2
61089,I9fd07YI,1,brick,use for color matching,3,4,3,3
61090,I9fd07YI,1,brick,make a walkway,2,1,1,1
61091,I9fd07YI,1,brick,use for evenly heating pizza in oven,2,4,3,3
61092,I9fd07YI,1,brick,crush and include for color in dyes,4,4,4,3
61093,IBAxPrqG,1,brick,house,2,1,1,1
61094,IBAxPrqG,1,brick,building,2,1,1,1
61095,IBAxPrqG,1,brick,pavement,2,1,1,1
61096,IBAxPrqG,1,brick,bridges,2,1,1,2
61097,IBAxPrqG,1,brick,weight,1,3,1,1
61098,IBAxPrqG,1,brick,steps,1,1,1,1
61099,IBAxPrqG,1,brick,heating block,2,5,2,2
61100,iBhlq8TG,1,brick,build wall,2,1,1,1
61101,iBhlq8TG,1,brick,repair wall,2,3,3,1
61102,iBhlq8TG,1,brick,make bbq grill,2,3,1,2
61103,IcVu0w8g,1,brick,paper weight,1,3,1,1
61104,IcVu0w8g,1,brick,hold down cover over car,1,3,1,3
61105,IcVu0w8g,1,brick,hold down picnic table cloth,1,3,1,3
61106,IcVu0w8g,1,brick,"hold the door open, door stop",1,2,1,1
61107,IcVu0w8g,1,brick,hold the window open,1,2,1,1
61108,IcVu0w8g,1,brick,keep furniture leg balanced,1,3,2,2
61109,IGFVw40K,1,brick,Build a house,1,1,1,1
61110,IGFVw40K,1,brick,Smash something,2,2,1,1
61111,IGFVw40K,1,brick,Wrap in foil and use to make a panini,5,5,3,2
61112,IGFVw40K,1,brick,Save and paint for a memory,4,2,2,3
61113,IGFVw40K,1,brick,Use in place of a door wedge,2,1,1,1
61121,IRO67sd7,1,brick,paper weight,1,3,1,1
61122,IRO67sd7,1,brick,door stop,1,2,1,1
61123,IRO67sd7,1,brick,wheel chalk,1,4,2,2
61124,Jji0e564,1,brick,Building house,1,1,1,1
61125,Jji0e564,1,brick,chimney,2,1,1,1
61126,Jji0e564,1,brick,floors,1,1,2,1
61127,Jji0e564,1,brick,pathways,1,1,1,1
61128,Jji0e564,1,brick,garden,3,1,1,1
61129,Jji0e564,1,brick,decoration,2,3,1,1
61130,JqylEalT,1,brick,walkway,2,1,1,1
61131,JqylEalT,1,brick,chimney,2,1,1,1
61132,JqylEalT,1,brick,house,2,1,1,1
61133,JqylEalT,1,brick,steps,1,1,1,1
61134,jQzd3rhk,1,brick,Building a house,1,1,1,1
61135,jQzd3rhk,1,brick,hitting someone,2,2,1,1
61136,jQzd3rhk,1,brick,creating a fence,2,1,1,1
61137,jQzd3rhk,1,brick,lining up a garden,3,1,1,1
61138,jQzd3rhk,1,brick,building a wall,1,1,1,1
61139,jQzd3rhk,1,brick,making a sculpture,4,2,2,1
61140,K3YUPL5g,1,brick,to build a wall,1,1,1,1
61141,K3YUPL5g,1,brick,to throw at someone,2,2,1,1
61142,K3YUPL5g,1,brick,to hit someone,2,2,1,1
61143,K3YUPL5g,1,brick,to use as a small stepping-stool,2,2,2,1
61144,K3YUPL5g,1,brick,to use as a paper weight,2,2,1,1
61145,K3YUPL5g,1,brick,to level out an imbalanced piece of furniture,3,2,2,1
61146,KEVF844q,1,brick,Building walls or buildings.,2,1,1,1
61147,KEVF844q,1,brick,Committing grievous bodily harm.,5,3,3,3
61148,KEVF844q,1,brick,paving roads,2,1,1,1
61149,KEVF844q,1,brick,knock down things at a distance.,2,3,1,2
61150,KEVF844q,1,brick,hide somethin,4,5,2,2
61151,KjWbuB23,1,brick,Hammer,1,3,2,2
61152,KjWbuB23,1,brick,Projectile,4,4,1,1
61153,KjWbuB23,1,brick,Building Block,2,1,1,1
61154,KjWbuB23,1,brick,Weapon,2,3,1,1
61155,KjWbuB23,1,brick,Anvil,3,4,2,1
61156,KjWbuB23,1,brick,Weight,1,3,1,1
61157,KjWbuB23,1,brick,Anchor,1,5,2,2
61158,KjWbuB23,1,brick,Step,1,2,1,1
61159,KjWbuB23,1,brick,Tray,1,4,2,2
61160,KjWbuB23,1,brick,Warming Stone,3,4,2,2
61161,KjWbuB23,1,brick,Level,2,3,2,1
61162,KjWbuB23,1,brick,Straight Edge,3,4,3,3
61163,KjWbuB23,1,brick,Measuring Tool ,3,4,3,2
61164,kSW0g9ZD,1,brick,to build a house,1,1,1,1
61165,kSW0g9ZD,1,brick,to break a window,2,2,1,1
61166,kSW0g9ZD,1,brick,to stack for a fence,2,2,1,2
61167,kSW0g9ZD,1,brick,to write on like a chalk board,4,4,3,1
61168,kSW0g9ZD,1,brick,to stack like dominoes and knock over,5,5,2,3
61169,kSW0g9ZD,1,brick,to hold something off the ground like a car with no tire,3,3,2,1
61170,kSW0g9ZD,1,brick,to use a barrier when playing cars,5,2,2,2
61197,Lim9214A,1,brick,build stairs,2,1,1,1
61198,Lim9214A,1,brick,throw it through a window,1,3,1,2
61199,Lim9214A,1,brick,prop doors open,1,2,1,1
61200,Lim9214A,1,brick,build a house,2,1,1,1
61201,Lim9214A,1,brick,use to hold a tarp down,1,3,1,2
61202,Lim9214A,1,brick,tie balloons to it during a party,3,3,2,3
61203,LJVEME40,1,brick,build wall,1,1,1,1
61204,LJVEME40,1,brick,build flower garden,3,1,1,2
61205,LJVEME40,1,brick,build fireplace,2,1,1,1
61206,LJVEME40,1,brick,build path,1,1,1,1
61207,LJVEME40,1,brick,build house,1,1,1,1
61208,LJVEME40,1,brick,use as weight,2,2,1,1
61209,LJVEME40,1,brick,use as a marker,3,3,2,1
61210,LPQ9qCo5,1,brick,roast food on it over small fire,4,4,2,2
61211,LPQ9qCo5,1,brick,play tossing game,3,5,2,2
61212,LPQ9qCo5,1,brick,chip off fragments and dissolve them to make dye,5,5,4,3
61213,LPQ9qCo5,1,brick,defend yourself,2,2,2,1
61214,Lu2upD98,1,brick,wall,1,1,1,1
61215,Lu2upD98,1,brick,walkway,1,1,1,1
61216,Lu2upD98,1,brick,patio,1,1,1,1
61217,Lu2upD98,1,brick,chimney,2,1,1,1
61218,Lu2upD98,1,brick,fire place,2,1,1,1
61219,Lu2upD98,1,brick,planter,2,2,1,1
61220,lU6lAi5X,1,brick,build housing,1,1,1,1
61221,lU6lAi5X,1,brick,use as a weight to hold something down,2,2,1,1
61222,lU6lAi5X,1,brick,to break a window,2,2,1,1
61236,M5603YCQ,1,brick,Build buildings,1,1,1,1
61237,M5603YCQ,1,brick,offices,2,1,1,1
61238,M5603YCQ,1,brick,stairs,1,1,1,1
61239,M5603YCQ,1,brick,walk ways,1,1,1,1
61240,M5603YCQ,1,brick,beds,4,2,3,1
61241,M5603YCQ,1,brick,walls,1,1,1,1
61242,M5603YCQ,1,brick,and bury someone under a pile of them. You've got anything from building to creating smaller things like grills out of bricks. ,4,1,2,2
61243,M647My8g,1,brick,garden,2,2,1,2
61244,M647My8g,1,brick,house,2,1,1,1
61245,M647My8g,1,brick,dog house,2,2,1,2
61246,M647My8g,1,brick,paper weight,1,3,1,1
61247,M647My8g,1,brick,planter,2,3,1,2
61248,M647My8g,1,brick,bomb shelter,4,2,3,3
61249,M647My8g,1,brick,wall,2,1,1,1
61250,M647My8g,1,brick,fence,2,1,1,2
61251,M647My8g,1,brick,foundation,2,1,1,1
61252,M647My8g,1,brick,door stop,1,2,1,1
61253,MEQY2Ba3,1,brick,Make a wall,1,1,1,1
61254,MEQY2Ba3,1,brick,Make a footstep,2,1,1,1
61255,mqMj47H6,1,brick,'chok' a tire so the car won't roll,1,3,2,1
61256,mqMj47H6,1,brick,use as arm extension in yoga pose,5,4,4,4
61257,mqMj47H6,1,brick,door stop,1,2,1,1
61258,mqMj47H6,1,brick,paper weight,1,3,1,1
61259,mqMj47H6,1,brick,stand on for a few inches extra reach,2,2,2,2
61260,mqMj47H6,1,brick,lay a pattern on their backs for sidewalk,2,1,1,2
61261,Mr20YMh5,1,brick,Weight,2,2,1,1
61262,Mr20YMh5,1,brick,weapon,2,2,1,1
61263,Mr20YMh5,1,brick,hammer,3,2,2,1
61264,Mr20YMh5,1,brick,doorstop,2,1,1,1
61265,Mr20YMh5,1,brick,balancer,5,2,3,1
61266,Mr20YMh5,1,brick,hiding spot,1,1,3,1
61267,Mr20YMh5,1,brick,toy,2,3,2,1
61268,Mr20YMh5,1,brick,roadblock,3,5,1,1
61269,Mr20YMh5,1,brick,medical tool,5,2,4,1
61270,mv2wBo0e,1,brick,Throw it at someone,1,3,1,2
61271,mv2wBo0e,1,brick,Use to make a tiered pot for plant,2,3,1,2
61272,mv2wBo0e,1,brick,Hold open a door,1,2,1,1
61273,n2FRDiVu,1,brick,use as a weight,2,2,1,1
61274,n2FRDiVu,1,brick,use as a weapon,2,2,1,1
61275,n2FRDiVu,1,brick,use to hold something up,2,2,2,1
61276,n2FRDiVu,1,brick,use to build a fire circle,2,1,1,1
61277,n2FRDiVu,1,brick,grind up and use as color,5,3,3,2
61278,n2FRDiVu,1,brick,use as window prop,2,2,1,1
61279,n2FRDiVu,1,brick,use as a sidewalk between garden and sidewalk,3,1,1,1
61280,N3nR96o7,1,brick,Build a house,2,1,1,1
61281,N3nR96o7,1,brick,Frame a flower bed,2,2,1,2
61282,N3nR96o7,1,brick,a step,1,3,2,1
61283,N3nR96o7,1,brick,an anchor,1,5,2,2
61284,N3nR96o7,1,brick,to break a window,1,3,1,2
61285,N3nR96o7,1,brick,to pave a path,2,1,1,1
61286,N3nR96o7,1,brick,to weight down something,1,3,1,1
61287,N7D6XM87,1,brick,Use it as a stand for a car,1,5,2,2
61288,N7D6XM87,1,brick,Smash open a window to get into a locked car,2,3,1,2
61289,N7D6XM87,1,brick,used a couple of them and a boards to make a shelf,2,2,2,2
61290,N7D6XM87,1,brick,Make a broken leg on a table level,2,3,2,2
61295,nj9z7Ka2,1,brick,Make a wall.,1,1,1,1
61296,nj9z7Ka2,1,brick,"Throw into air, stand under, hit head.",3,2,1,2
61297,nj9z7Ka2,1,brick,"Tie onto death notice, throw through window",2.5,2,1,3
61298,nj9z7Ka2,1,brick,Door stop.,2,1,1,1
61299,nj9z7Ka2,1,brick,Annoying thing a car can run over.,1,1,2,3
61300,nj9z7Ka2,1,brick,"Rub on face, exfoliate.",4,5,4,3
61301,nj9z7Ka2,1,brick,Use as hammer to smash watch.,3,2,2,2
61302,noV1USM9,1,brick,building,2,1,1,1
61303,noV1USM9,1,brick,weapon,2,3,1,1
61304,noV1USM9,1,brick,roads,2,1,1,1
61305,noV1USM9,1,brick,artwork,2,5,2,1
61306,ns93rRC6,1,brick,paper weight,1,3,1,1
61307,ns93rRC6,1,brick,weapon,2,3,1,1
61308,ns93rRC6,1,brick,as a stop stool,1,3,2,1
61309,ns93rRC6,1,brick,to build a house,2,1,1,1
61310,ns93rRC6,1,brick,as a lever,3,3,2,1
61311,nt3hH1X4,1,brick,House,1,1,1,1
61312,nt3hH1X4,1,brick,Weapon,2,2,1,1
61313,nt3hH1X4,1,brick,Prop for an item to lean against,3,2,2,1
61314,nt3hH1X4,1,brick,Prop a leg of a table up. ,2,2,2,2
61315,nt3hH1X4,1,brick,Paper Weight,2,2,1,1
61316,nt3hH1X4,1,brick,Counter-weight for a pulley system,4,2,3,2
61317,nt3hH1X4,1,brick,The holes could be used to hold pens or pencils,4,3,3,2
61318,nt3hH1X4,1,brick,Used as a weight to hold while excersing,4,2,2,2
61319,o7l657o7,1,brick,Build a house,2,1,1,1
61320,o7l657o7,1,brick,Build a fire pit,2,1,1,2
61321,o7l657o7,1,brick,Break a window,1,2,1,2
61322,o7l657o7,1,brick,Make a wall,2,1,1,1
61323,o7l657o7,1,brick,Smash things,1,3,1,2
61324,o94ebF7p,1,brick,Art Canvas,3,5,2,1
61325,o94ebF7p,1,brick,Weapon,2,3,1,1
61326,o94ebF7p,1,brick,Grave Marker for a poor person,4,4,3,5
61327,o94ebF7p,1,brick,as a stand for a small pot,3,4,2,3
61328,o94ebF7p,1,brick,paper weight,1,3,1,1
61329,o94ebF7p,1,brick,boat anchor,1,4,2,2
61330,o94ebF7p,1,brick,low cost exercise weights,3,3,2,2
61331,o94ebF7p,1,brick,Keep party balloons anchored,1,3,1,2
61332,o94ebF7p,1,brick,hide a key,4,5,2,3
61333,oe31GysW,1,brick,HOUSE,1,1,1,1
61334,OknA7Qez,1,brick,Building blocks,1,1,1,1
61335,OknA7Qez,1,brick,Patio,1,1,1,1
61336,OknA7Qez,1,brick,Paper weight,2,2,1,1
61337,OknA7Qez,1,brick,brick oven,3,1,1,1
61338,OknA7Qez,1,brick,side walk,1,1,1,1
61339,oL55Ly8A,1,brick,build a house,2,1,1,1
61340,oL55Ly8A,1,brick,build a fence,2,1,1,2
61341,oL55Ly8A,1,brick,make a walk way,2,1,1,1
61342,oP2kzb61,1,brick,A brick can build a house,2,1,1,2
61343,oP2kzb61,1,brick,It can be used as a weight,1,3,1,1
61344,oP2kzb61,1,brick,It is a foundation,2,2,1,1
61345,oP2kzb61,1,brick,it can be used as a weapon,2,3,1,2
61346,oP2kzb61,1,brick,it can be used as an anchor,1,4,1,2
61347,oR8PlQ5I,1,brick,Build a House,1,1,1,1
61348,oR8PlQ5I,1,brick,Use as a weapon,2,2,1,1
61349,oR8PlQ5I,1,brick,outline a garden,3,1,1,1
61350,oR8PlQ5I,1,brick,use as a doorstop,2,1,1,1
61351,oR8PlQ5I,1,brick,make a small pyramid,4,1,1,2
61352,oR8PlQ5I,1,brick,decorate it!,2,3,2,1
61353,ovnlqK2x,1,brick,Use many to build a wall,2,1,1,1
61354,ovnlqK2x,1,brick,use to correct uneven stairs,3,3,1,2
61355,ovnlqK2x,1,brick,use many to create a walkway,2,1,1,1
61356,ovnlqK2x,1,brick,break into many pieces to create rock art,4,5,3,4
61357,ovnlqK2x,1,brick,use as a stepping stone,1,2,1,2
61358,P07U97OU,1,brick,building tool,2,1,1,1
61359,P07U97OU,1,brick,friend,4,4,2,4
61360,P07U97OU,1,brick,stove to cook eggs on,2,4,3,3
61361,P07U97OU,1,brick,a football,1,4,2,2
61362,P07U97OU,1,brick,a boomerang,1,4,2,3
61363,P07U97OU,1,brick,a shoe,1,3,4,2
61364,P07U97OU,1,brick,a weight,1,3,1,1
61365,P07U97OU,1,brick,a paper weight,1,3,1,1
61366,P07U97OU,1,brick,sidewalk,2,1,1,1
61367,P07U97OU,1,brick,road,2,1,1,1
61368,P07U97OU,1,brick,car tire stopper,1,3,2,2
61369,P07U97OU,1,brick,a wall,2,1,1,1
61370,P07U97OU,1,brick,a floor,2,2,1,1
61371,P07U97OU,1,brick,a patio,2,2,1,1
61372,P07U97OU,1,brick,a fence,2,2,1,1
61373,P07U97OU,1,brick,a fire starter,2,3,3,1
61374,P07U97OU,1,brick,a weapon,2,3,1,1
61375,P07U97OU,1,brick,a rock,1,2,1,1
61376,P07U97OU,1,brick,a chalk boar,2,4,3,2
61377,p1157u5Q,1,brick,build houses,2,1,1,1
61378,p1157u5Q,1,brick,brick sidewalks,2,1,1,1
61379,p1157u5Q,1,brick,walls,2,1,1,1
61380,P51265dY,1,brick,house,1,1,1,1
61381,P51265dY,1,brick,bridge,2,1,2,1
61382,p6CQZcJh,1,brick,doorstop,2,1,1,1
61383,p6CQZcJh,1,brick,garden bed border,3,1,1,1
61384,p6CQZcJh,1,brick,walkway,1,1,1,1
61385,p6CQZcJh,1,brick,weight/counterweight,3,2,1,1
61386,p6CQZcJh,1,brick,used as a prop/support,2,2,2,1
61387,p6CQZcJh,1,brick,use shards in the bottom of planters for drainage,5,3,4,2
61388,PET0fcnM,1,brick,Build House,2,1,1,1
61389,PET0fcnM,1,brick,Build pathway,2,1,1,1
61390,PET0fcnM,1,brick,chimney,2,1,1,1
61391,PET0fcnM,1,brick,patio,2,1,1,2
61392,PET0fcnM,1,brick,break window,1,2,1,2
61393,PET0fcnM,1,brick,buildings,2,1,1,1
61394,PfZkRQMq,1,brick,Carve an animal,4,4,4,4
61395,PfZkRQMq,1,brick,build a wall,2,1,1,1
61396,PfZkRQMq,1,brick,use as a stepstool,1,2,2,2
61397,PfZkRQMq,1,brick,break into pieces and play a game like checkers,5,4,3,5
61398,PfZkRQMq,1,brick,draw a tic tac toe board on it,4,4,3,4
61399,PfZkRQMq,1,brick,prop open a door,1,2,1,1
61400,PfZkRQMq,1,brick,use as a diving stick,2,4,5,2
61401,PfZkRQMq,1,brick,dig a hole,1,4,4,1
61402,PgcPST7J,1,brick,houses,2,1,1,1
61403,pGGnM7T3,1,brick,to throw at somone,1,3,1,2
61404,pGGnM7T3,1,brick,to build a house,2,1,1,1
61405,pGGnM7T3,1,brick,to hold door open,1,2,1,1
61406,pGGnM7T3,1,brick,to sit on,1,3,2,1
61407,pGGnM7T3,1,brick,to use as a exercise stepper,2,3,2,2
61408,pGGnM7T3,1,brick,to use as a weight,1,3,2,1
61409,pGGnM7T3,1,brick,To eat on top of,2,4,2,2
61410,pGGnM7T3,1,brick,To make floor ,2,1,1,1
61411,pGGnM7T3,1,brick,To make a oven in the backyard,2,3,1,2
61412,pGGnM7T3,1,brick,To draw,3,4,2,2
61413,pGGnM7T3,1,brick,To touch,1,3,1,1
61414,Ph94atfW,1,brick,walls,1,1,1,1
61415,Ph94atfW,1,brick,building,1,1,1,1
61416,Ph94atfW,1,brick,fence,2,1,1,1
61417,Ph94atfW,1,brick,paving,1,1,1,1
61418,Ph94atfW,1,brick,mud,1,2,2,1
61419,Ph94atfW,1,brick,sand,1,1,3,1
61426,pRF1m4CT,1,brick,Build a structure,2,1,1,1
61427,pRF1m4CT,1,brick,line a fireplace,2,2,1,2
61428,pRF1m4CT,1,brick,use as a hammer,1,4,2,2
61429,pRF1m4CT,1,brick,use as a fulcrum point for a lever,4,3,5,3
61430,pRF1m4CT,1,brick,use as sidewalk stones,2,1,1,1
61431,pRF1m4CT,1,brick,pave a road,2,1,1,1
61432,pRF1m4CT,1,brick,use as a paperweight,1,3,1,1
61433,Pw36nZPi,1,brick,build house,2,1,1,1
61434,Pw36nZPi,1,brick,build oven,2,1,1,2
61435,Pw36nZPi,1,brick,build couch frame,3,1,2,2
61436,Pw36nZPi,1,brick,line path,2,2,1,1
61437,Pw36nZPi,1,brick,a door stop,1,2,1,1
61438,Pw36nZPi,1,brick,table legs,2,3,2,2
61439,Pw36nZPi,1,brick,paper weight,1,3,1,1
61440,Pw36nZPi,1,brick,lifting weights (dumbell),3,3,2,2
61441,Pw36nZPi,1,brick,calf exercises (step,5,3,2,2
61442,PY70kA2n,1,brick,construction worker,2,3,1,1
61443,PY70kA2n,1,brick,brick mansion ,2,1,1,3
61444,Qb709hFR,1,brick,Use as doorstop,1,2,1,1
61445,Qb709hFR,1,brick,Pave walkway,2,1,1,1
61446,Qb709hFR,1,brick,Use in toilet reservoir to reduce water consumption,5,5,4,3
61447,Qb709hFR,1,brick,Put between boards to make shelving,2,2,3,2
61448,Qb709hFR,1,brick,Paperweight,1,3,1,1
61449,Qb709hFR,1,brick,Prop up leaning object,1,3,1,1
61450,Qb709hFR,1,brick,Keep plants off floor,2,3,1,3
61451,QEGddD5m,1,brick,Chimney,2,1,1,1
61452,QEGddD5m,1,brick,house,2,1,1,1
61453,QEGddD5m,1,brick,fire pit,2,1,1,2
61454,QEGddD5m,1,brick,road,2,1,1,1
61455,QEGddD5m,1,brick,driveway,2,1,1,2
61456,QEGddD5m,1,brick,stairs,2,1,1,1
61457,qiHCOlEv,1,brick,build a house,2,1,1,1
61458,qiHCOlEv,1,brick,break a window,1,2,1,2
61459,qiHCOlEv,1,brick,paint as a craft,3,4,3,2
61460,qiHCOlEv,1,brick,pave a road with it,2,1,1,1
61461,QnU42iu0,1,brick,Build a house. ,2,1,1,1
61462,QnU42iu0,1,brick,Make a wood stove.,2,3,1,2
61463,QnU42iu0,1,brick,Make a road.,2,1,1,1
61464,QnU42iu0,1,brick,Crush for inlays in wood rings.,5,4,4,4
61465,QnU42iu0,1,brick,Make an outdoor oven.,2,3,1,2
61466,QnU42iu0,1,brick,Build a fire pit.,2,1,1,2
61467,QnU42iu0,1,brick,Make a sculpture.,2,4,2,2
61468,QnU42iu0,1,brick,Weigh down a tarp.,1,3,1,2
61469,QnU42iu0,1,brick,Use as a paper weight.,1,3,1,1
61470,qW1EAxi7,1,brick,Create a planter,2,4,1,2
61471,qW1EAxi7,1,brick,Drive a nail,2,3,2,3
61472,qW1EAxi7,1,brick,Make a border,2,2,1,1
61473,qW1EAxi7,1,brick,Make a play area,2,1,2,2
61474,qW1EAxi7,1,brick,Make stacks to hold objects,3,3,2,2
61475,qW1EAxi7,1,brick,Play with like blocks,4,4,2,2
61476,Qw3OEGyE,1,brick,You can make a building,1,1,1,1
61477,Qw3OEGyE,1,brick,You can make a home,1,1,1,1
61478,Qw3OEGyE,1,brick,You can make bridges,1,1,1,1
61479,Qw3OEGyE,1,brick,You can use it to break car window,2,2,1,2
61480,Qw3OEGyE,1,brick,You can use it to create a barrier for your house or for your garden,3,2,1,1
61481,Qw3OEGyE,1,brick,You can use it to make a brick door as well,1,1,1,1
61482,qw8bWgR1,1,brick,build a house,2,1,1,1
61483,qw8bWgR1,1,brick,a step stool,1,3,2,2
61484,qw8bWgR1,1,brick,a unit of measure,3,4,3,2
61485,qw8bWgR1,1,brick,good posture,1,4,3,3
61486,qXloCqw4,1,brick,hold down a tarp,1,3,1,2
61487,qXloCqw4,1,brick,to use as a hammer,1,3,2,2
61488,qXloCqw4,1,brick,to build a wall or foundation,2,1,1,1
61489,qXloCqw4,1,brick,to use for a garden barrier,2,1,1,2
61490,qXloCqw4,1,brick,to use for a fireplace,2,1,1,2
61491,qXloCqw4,1,brick,chimney,2,1,1,1
61510,rcjJj04f,1,brick,Weapon,2,2,1,1
61511,rcjJj04f,1,brick,Paperweight,2,2,1,1
61512,rcjJj04f,1,brick,Bench for Barbie dolls,5,4,4,4
61513,rcjJj04f,1,brick,Display area,3,3,3,1
61514,rcjJj04f,1,brick,"Pet (hey, they had 'pet rocks' once upon a time!)",5,5,2,2
61515,rcjJj04f,1,brick,Doorstop,2,1,1,1
61516,rcjJj04f,1,brick,Tiny step stool,2,2,2,2
61517,rcjJj04f,1,brick,Window lock,2,2,1,1
61518,rcVR6LIp,1,brick,A brick is hard and can be used to  build a home,2,1,1,2
61519,re0HeWS7,1,brick,building houses,1,1,1,1
61520,re0HeWS7,1,brick,holding down things,2,2,1,1
61521,RFtct4QX,1,brick,breaking window,1,2,1,2
61522,RFtct4QX,1,brick,breaking board,1,2,1,2
61523,RFtct4QX,1,brick,building a wall,2,1,1,1
61524,RFtct4QX,1,brick,a counter weight,1,3,1,1
61525,RFtct4QX,1,brick,a support,1,3,2,1
61526,RFtct4QX,1,brick,a paper weight,1,3,1,1
61527,RFtct4QX,1,brick,door stop,1,2,1,1
61528,RFtct4QX,1,brick,anti slip weight in back of truck,3,3,3,3
61529,RFtct4QX,1,brick,weapon,2,3,1,1
61530,RFtct4QX,1,brick,hammer,1,3,2,2
61531,RFtct4QX,1,brick,building house,2,1,1,1
61532,RMR1O96P,1,brick,laid to make a house,2,2,1,1
61533,RMR1O96P,1,brick,sidewalk,2,1,1,1
61534,RMR1O96P,1,brick,oven,2,3,1,1
61535,rpI017nK,1,brick,Make a Flower Bed,2,1,1,2
61536,rpI017nK,1,brick,Make a bird bath,2,3,1,2
61537,rpI017nK,1,brick,Make steps,1,1,1,1
61538,rpI017nK,1,brick,Hold down a tarp,1,3,1,2
61539,rpI017nK,1,brick,Make a foundation for garbage cans to sit upon,3,2,1,3
61540,rQIW4S47,1,brick,build a structure,2,1,1,1
61541,rQIW4S47,1,brick,use an object to smash things with,1,3,1,2
61542,rQIW4S47,1,brick,use as a weapon,2,3,1,2
61543,rQIW4S47,1,brick,use as a garden boarder,2,2,1,2
61544,rQIW4S47,1,brick,build a walkway,2,1,1,1
61545,rQIW4S47,1,brick,build an outdoor grill,3,1,1,2
61546,rsk3LtAs,1,brick,paperweight,2,2,1,1
61547,rsk3LtAs,1,brick,building,1,1,1,1
61548,rsk3LtAs,1,brick,self defense,2,2,1,1
61549,rsk3LtAs,1,brick,weight lifting,4,2,2,1
61550,S3aAC6d2,1,brick,build a house,2,1,1,1
61551,S3aAC6d2,1,brick,create friction to make a fire,3,5,3,3
61552,S3aAC6d2,1,brick,break a window in case of emergency.,2,2,1,3
61557,S91lo83T,1,brick,Throw through something glass to break it,2,2,1,1
61558,S91lo83T,1,brick,Pave a walkway with it,1,1,1,1
61559,S91lo83T,1,brick,Use it as a paperweight,2,2,1,1
61560,S91lo83T,1,brick,Use it to create a decorative edge in your garden,3,1,1,2
61561,S91lo83T,1,brick,Step,2,3,1,1
61562,SsoAOKdh,1,brick,A makeshift hammer,3,2,3,3
61563,SsoAOKdh,1,brick,A marker for laying sod,4,3,2,4
61564,SsoAOKdh,1,brick,A part of a backstop or border for a garden,4,3,1,3
61565,SsoAOKdh,1,brick,A piece of a paver for a walkway,1,1,1,1
61566,SsoAOKdh,1,brick,A makeshift window opener lol,2,2,3,2
61567,sSyeENYV,1,brick,Build a house,2,1,1,1
61568,sSyeENYV,1,brick,Lay a pathway,2,1,1,1
61569,sSyeENYV,1,brick,Build wall,2,1,1,1
61570,sSyeENYV,1,brick,Use as a weight ,1,3,1,1
61571,sSyeENYV,1,brick,Build a bridge,2,1,1,2
61572,sSyeENYV,1,brick,Break a window,1,2,1,2
61573,sTF5ZTxJ,1,brick,build a wall ,1,1,1,1
61574,sTF5ZTxJ,1,brick,break a window ,2,2,1,1
61575,sTF5ZTxJ,1,brick,build a barbque pit,2,1,1,1
61576,sTF5ZTxJ,1,brick,open a bottle,5,3,2,1
61577,sTF5ZTxJ,1,brick,as a paver for a patio,1,1,1,1
61578,sTF5ZTxJ,1,brick,to make a flower box,4,1,1,1
61579,sTF5ZTxJ,1,brick,to throw at a burglar,2,2,1,2
61580,t05iL7ab,1,brick,doorstop,2,1,1,1
61581,T5Yw2Ip3,1,brick,BUILD HOUSES,1,1,1,1
61582,T5Yw2Ip3,1,brick,BUILD BUILDING,1,1,1,1
61583,T5Yw2Ip3,1,brick,BREAK A WINDOW,2,2,1,1
61584,T5Yw2Ip3,1,brick,PROP THINGS UP,2,1,1,1
61585,tcw0dt93,1,brick,Smashing or hammering,1,3,1,2
61586,tcw0dt93,1,brick,Decoration,1,4,1,2
61587,tcw0dt93,1,brick,Chalk,2,4,2,2
61588,tcw0dt93,1,brick,Construction,2,3,1,1
61589,tcw0dt93,1,brick,Stepping stones,1,1,1,2
61590,tcw0dt93,1,brick,Weapon,1,3,1,1
61591,tcw0dt93,1,brick,Blocks,1,2,1,2
61592,tcw0dt93,1,brick,Weight (paper),1,3,1,1
61593,tm3N4Hhj,1,brick,building a house,2,1,1,1
61594,tm3N4Hhj,1,brick,making a pathway,2,1,1,1
61595,tm3N4Hhj,1,brick,building a furnace for casting metal,3,1,2,2
61596,tm3N4Hhj,1,brick,for landscaping,2,2,1,1
61597,tm3N4Hhj,1,brick,for home decorative accents,2,4,1,2
61598,TQg98tZ3,1,brick,Attack thief,2,3,1,3
61599,TQg98tZ3,1,brick,build a house,2,1,1,1
61600,TQg98tZ3,1,brick,make a garden,2,2,1,2
61601,TQg98tZ3,1,brick,use for art work,3,5,2,2
61602,TQg98tZ3,1,brick,make a barrier,2,2,1,1
61603,TR0n5Xkg,1,brick,build house,1,1,1,1
61604,TR0n5Xkg,1,brick,prop up something,2,2,2,1
61605,TR0n5Xkg,1,brick,weapon,2,2,1,1
61606,TR0n5Xkg,1,brick,paper weight,2,2,1,1
61607,TR0n5Xkg,1,brick,fly swatter,4,4,3,2
61608,TR0n5Xkg,1,brick,air hockey,1,3,4,2
61609,tsy7LR46,1,brick,hammer,3,2,2,1
61610,tsy7LR46,1,brick,statue base,4,3,3,2
61611,tsy7LR46,1,brick,step,2,3,1,1
61612,tsy7LR46,1,brick,weapon,2,2,1,1
61613,tsy7LR46,1,brick,masher,2,3,2,1
61614,tsy7LR46,1,brick,doll seat,4,3,3,3
61615,tsy7LR46,1,brick,book end,2,4,1,1
61616,tsy7LR46,1,brick,door stop,2,1,1,1
61617,tsy7LR46,1,brick,paper weight,2,2,1,1
61618,tsy7LR46,1,brick,table leg supp,3,2,2,1
61619,tWLQC3bA,1,brick,building,2,1,1,1
61620,tWLQC3bA,1,brick,weapon,2,3,1,1
61621,tWLQC3bA,1,brick,to hold something up,1,3,1,1
61622,tZR5oSUa,1,brick,paperweight,2,2,1,1
61623,tZR5oSUa,1,brick,doorstop,2,1,1,1
61624,tZR5oSUa,1,brick,pen and pencil holder,4,3,3,2
61625,U5lKhUP3,1,brick,weapon,2,2,1,1
61626,U5lKhUP3,1,brick,garden decoration,3,1,1,2
61627,U5lKhUP3,1,brick,tombstone,5,3,2,2
61628,U5lKhUP3,1,brick,building material,1,1,1,1
61629,U5lKhUP3,1,brick,straircase,2,1,1,1
61630,U5lKhUP3,1,brick,doorstop,2,1,1,1
61631,U5lKhUP3,1,brick,paperweight,2,2,1,1
61632,U72c3O7o,1,brick,to build a wall,1,1,1,1
61633,U72c3O7o,1,brick,to use it as a tiles to step on in a garden,3,2,1,1
61634,U72c3O7o,1,brick,ti use it to hold the A/c in place,5,2,2,3
61635,U72c3O7o,1,brick,To keep a door open,2,1,1,1
61636,U72c3O7o,1,brick,to prevent the trash can from flying away in the wind,5,2,1,2
61637,U72c3O7o,1,brick,to keep a car from rolling down a hill (placing under the tire,4,3,2,1
61638,U72c3O7o,1,brick,to build a house,1,1,1,1
61639,U7FNiFGL,1,brick,building  a house,2,1,1,1
61640,U7FNiFGL,1,brick,cooking on them,2,5,3,2
61641,U7FNiFGL,1,brick,building a retaining wall,2,1,1,2
61642,U7FNiFGL,1,brick,a walkway,2,1,1,1
61643,u8VJ80q4,1,brick,Buildings,1,1,1,1
61644,u8VJ80q4,1,brick,hammer,3,2,2,1
61645,u8VJ80q4,1,brick,throwing,1,2,1,1
61646,u8VJ80q4,1,brick,standing on,2,3,2,1
61647,ug6a09uy,1,brick,Building material,1,1,1,1
61648,ug6a09uy,1,brick,paper weight,2,2,1,1
61649,ug6a09uy,1,brick,door stop,2,1,1,1
61650,ug6a09uy,1,brick,weapon,2,2,1,1
61651,ug6a09uy,1,brick,bookend,2,4,1,1
61652,ug6a09uy,1,brick,weight,2,2,1,1
61653,ug6a09uy,1,brick,heat oven for baking bread,5,4,3,2
61654,UJxMAI9L,1,brick,throw at something,2,2,1,1
61655,UJxMAI9L,1,brick,use as a weight for excersiseing,4,2,2,2
61656,UJxMAI9L,1,brick,use to weigh something down in water,3,4,2,1
61657,UJxMAI9L,1,brick,use to build a small fire on so not to burn anything around it,3,1,1,2
61658,UJxMAI9L,1,brick,use as paperweight,2,2,1,1
61659,unRY054i,1,brick,door stop,1,2,1,1
61660,unRY054i,1,brick,weight,1,3,1,1
61661,unRY054i,1,brick,edging for flower bed,2,1,1,2
61662,unRY054i,1,brick,shelves,2,2,2,2
61663,unRY054i,1,brick,plant stand,2,3,2,2
61664,unRY054i,1,brick,weapon,2,3,1,1
61665,unRY054i,1,brick,pathway,2,1,1,1
61666,URsOk93r,1,brick,break windows,1,2,1,2
61667,URsOk93r,1,brick,build a wall,2,1,1,1
61668,URsOk93r,1,brick,use as a weight,1,3,1,1
61669,URsOk93r,1,brick,use as a step to reach higher places,2,2,2,2
61670,URsOk93r,1,brick,wheel chock,1,4,2,2
61671,URsOk93r,1,brick,brace unstable object,2,3,2,2
61672,URsOk93r,1,brick,landscaping,2,1,1,1
61673,Uwnf4T1Z,1,brick,build a house,2,1,1,1
61674,Uwnf4T1Z,1,brick,break a window,1,2,1,2
61675,Uwnf4T1Z,1,brick,karate chop,5,5,3,2
61676,Uwnf4T1Z,1,brick,chimney,2,1,1,1
61677,Uwnf4T1Z,1,brick,schools,2,1,1,1
61678,Uwnf4T1Z,1,brick,fire,2,3,1,1
61679,UwVX4qx3,1,brick,Stopper,1,2,1,1
61680,UwVX4qx3,1,brick,To build a brick house,2,1,1,1
61681,UwVX4qx3,1,brick,To use it as a self defense weapon,2,3,1,2
61682,UwVX4qx3,1,brick,Brick Road,2,1,1,2
61683,UwVX4qx3,1,brick,Step Stool,1,2,1,2
61684,UwVX4qx3,1,brick,Brick wall,2,1,1,2
61685,UwVX4qx3,1,brick,Wishing well,2,2,2,2
61686,UXkwHd2D,1,brick,build house,2,1,1,1
61687,UXkwHd2D,1,brick,create a statue,3,4,2,2
61688,UXkwHd2D,1,brick,grind and make it as a color,4,4,3,2
61689,UXkwHd2D,1,brick,engrave with name,4,4,4,3
61690,UXkwHd2D,1,brick,cup placer,2,5,2,2
61691,UXkwHd2D,1,brick,knife sharpner,3,5,3,3
61692,UXkwHd2D,1,brick,hammer,1,3,2,2
61693,UXkwHd2D,1,brick,weighing,1,3,1,1
61694,uyxakIB8,1,brick,You can build a house with bricks,1,1,1,1
61695,uyxakIB8,1,brick,You can build gardening pots for flowers with bricks,3,2,1,2
61696,uyxakIB8,1,brick,You can build a fence with bricks,2,1,1,1
61697,uyxakIB8,1,brick,You can break a window with a brick,2,2,1,1
61698,uyxakIB8,1,brick,You can build a grill,3,1,1,1
61699,uyxakIB8,1,brick,You can create art with bricks,4,3,2,1
61700,v778GDsH,1,brick,cooking surface,2,5,3,2
61701,v778GDsH,1,brick,paper weight,1,3,1,1
61702,v778GDsH,1,brick,doorstop,1,2,1,1
61703,v778GDsH,1,brick,step,1,2,1,1
61704,v778GDsH,1,brick,knife sharpener,2,5,3,3
61705,v778GDsH,1,brick,meat tenderizer,4,4,2,3
61706,v778GDsH,1,brick,hammer,1,3,2,2
61707,VE8400EB,1,brick,used to build a house,2,1,1,1
61708,VE8400EB,1,brick,used to build a fireplace,2,1,1,2
61709,VE8400EB,1,brick,used to throw through a window,1,3,1,2
61710,VE8400EB,1,brick,used to raise bed frame,2,3,2,2
61711,VE8400EB,1,brick,used to hold papers on desk,1,3,1,1
61712,VE8400EB,1,brick,used to have sandpaper on it,4,3,3,2
61713,VE8400EB,1,brick,used to cook chicken in oven,2,4,3,3
61714,VE8400EB,1,brick,used to cook chicken on BBQ grill,2,4,3,3
61715,VE8400EB,1,brick,used for garden walkway,2,1,1,2
61716,VE8400EB,1,brick,used for patio,2,1,1,2
61717,VE8400EB,1,brick,used for gardening ,2,3,1,2
61718,VE8400EB,1,brick,used to keep animals out of garden,4,2,2,2
61719,VE8400EB,1,brick,used with boards to make a bookcase,2,2,2,2
61720,vgUOi7TF,1,brick,paperweight,2,2,1,1
61721,vgUOi7TF,1,brick,missile,5,3,3,1
61722,vgUOi7TF,1,brick,blade sharpener,4,3,4,2
61723,vgUOi7TF,1,brick,weapon,2,2,1,1
61724,vgUOi7TF,1,brick,plate holder,3,3,2,1
61725,vgUOi7TF,1,brick,door stopper,2,1,1,1
61726,vgUOi7TF,1,brick,trash compactor,4,3,3,2
61727,vgUOi7TF,1,brick,art canvas,4,4,3,1
61728,vgUOi7TF,1,brick,art object,4,4,3,1
61729,VGv554rI,1,brick,A walnut cracker,4,5,4,3
61730,VGv554rI,1,brick,A stepping stone,1,3,1,2
61731,VGv554rI,1,brick,A window breaking tool,2,2,1,1
61732,VGv554rI,1,brick,A tire bock,1,3,2,1
61733,VGv554rI,1,brick,A counter weight,1,3,1,1
61734,vR19dSkW,1,brick,Weapon,2,2,1,1
61735,vR19dSkW,1,brick,Building Material,1,1,1,1
61736,vR19dSkW,1,brick,Paper Weight,2,2,1,1
61737,vR19dSkW,1,brick,Art Project Material,4,4,3,1
61738,vR19dSkW,1,brick,Landscaping Material for garden,4,1,1,1
61739,vR19dSkW,1,brick,Shelf,2,2,1,1
61740,vR19dSkW,1,brick,Plugging a large pothole,4,2,3,1
61741,vR19dSkW,1,brick,Weight lifting,4,2,2,1
61742,vR19dSkW,1,brick,Mini-table,3,3,2,2
61743,w07hiE91,1,brick,to make a path,2,1,1,1
61744,w07hiE91,1,brick,to use to weigh down a chicken for grilling,3,3,3,3
61745,w07hiE91,1,brick,as a step,1,3,1,1
61746,w07hiE91,1,brick,to put under a garden container to ensure drainage,2,5,2,2
61747,w07hiE91,1,brick,to hold a ballon from flying away,3,3,2,2
61748,w07hiE91,1,brick,to prop open a door,1,2,1,1
61749,w07hiE91,1,brick,to put on top of a wood burning stove to hold up a pot,2,3,3,3
61750,w07hiE91,1,brick,to use as a block to keep your car from rolling away,1,4,1,2
61751,w07hiE91,1,brick,to hold up a sagging gate,1,3,1,2
61752,w07hiE91,1,brick,to throw at a varmint,4,3,1,3
61753,w07hiE91,1,brick,to keep erosion under control,4,4,4,2
61754,w07hiE91,1,brick,to use to hold a piece of lumber in place while building,3,3,1,2
61755,w07hiE91,1,brick,to hold down plastic tarps,1,3,1,2
61756,w3MlrwM6,1,brick,to build a house,1,1,1,1
61757,w3MlrwM6,1,brick,to build a shed,2,1,1,1
61758,w3MlrwM6,1,brick,to build anything,1,1,1,1
61759,w3MlrwM6,1,brick,to hit someone?,2,2,1,1
61760,W5edll8z,1,brick,throwing it,1,3,1,1
61761,W5edll8z,1,brick,building with it,2,1,1,1
61762,W5edll8z,1,brick,chisel it,3,4,2,2
61763,W5edll8z,1,brick,shape it,2,4,2,1
61764,W5edll8z,1,brick,make a house,2,1,1,1
61765,W5edll8z,1,brick,block off roads,1,3,2,2
61766,W5edll8z,1,brick,placing it arounds trees,3,2,1,2
61767,W5edll8z,1,brick,using it to block things off,1,3,2,2
61768,w5u3jOia,1,brick,building,1,1,1,1
61769,w5u3jOia,1,brick,crack nut,3,3,2,1
61770,w5u3jOia,1,brick,dig,1,3,3,1
61771,w5u3jOia,1,brick,hit object,3,2,1,1
61772,w5u3jOia,1,brick,stand on,2,3,2,1
61773,w5u3jOia,1,brick,make impression in mud,4,2,2,1
61774,w5u3jOia,1,brick,crumble into rocks,3,2,2,1
61775,WEq5Z4hI,1,brick,make wall,1,1,1,1
61776,WEq5Z4hI,1,brick,fence,2,1,1,1
61777,WEq5Z4hI,1,brick,keep others out,1,2,3,1
61778,wIkD9Pai,1,brick,build a house,1,1,1,1
61779,wIkD9Pai,1,brick,prop a door open,3,1,1,1
61780,wIkD9Pai,1,brick,paper weight,2,2,1,1
61781,wIkD9Pai,1,brick,lift something up,3,3,2,1
61782,wIkD9Pai,1,brick,break a window,2,2,1,1
61787,X0Z1I47H,1,brick,anchor for boat,3,4,2,2
61788,X0Z1I47H,1,brick,window breaker,2,2,1,1
61789,X0Z1I47H,1,brick,garden edging,3,1,1,1
61790,X0Z1I47H,1,brick,spacer,2,3,1,1
61793,xdelf5qw,1,brick,to use to help build a building,2,1,1,1
61794,xdelf5qw,1,brick,to hold a door open,1,2,1,1
61795,xdelf5qw,1,brick,a paper weioght for a desk,1,2,1,2
61796,xdelf5qw,1,brick,to throw at someone in anger,1,3,1,3
61797,xdelf5qw,1,brick,to collect as a keepsake,3,4,2,2
61798,xhJVpr9P,1,brick,Weapon during a riot,3,2,1,2
61799,xhJVpr9P,1,brick,Prop for unstable table,3,2,2,2
61800,xhJVpr9P,1,brick,Paperweight,2,2,1,1
61801,xhJVpr9P,1,brick,Measurement of weight,3,2,2,1
61802,xhJVpr9P,1,brick,Measurement of width/height,3,2,2,1
61803,XKBw637F,1,brick,Build a wall,1,1,1,1
61804,XKBw637F,1,brick,Prop up a couch that is missing a leg,3,2,2,2
61805,XKBw637F,1,brick,Protection/Defense,2,2,1,1
61806,XKBw637F,1,brick,Landscaping,3,1,1,1
61807,XKBw637F,1,brick,Holding up beehives up from the ground,5,2,1,3
61808,XkILwh3o,1,brick,decoration,2,3,1,1
61809,XkILwh3o,1,brick,build house,1,1,1,1
61810,XkILwh3o,1,brick,weapon,2,2,1,1
61811,XkILwh3o,1,brick,paperweight,2,2,1,1
61812,XkILwh3o,1,brick,weight for exercise,4,2,2,1
61813,XkILwh3o,1,brick,learning tool,1,3,2,1
61814,XkILwh3o,1,brick,tool for testing scale,3,4,2,1
61815,xL8VzZto,1,brick,projectile,5,2,2,1
61816,xL8VzZto,1,brick,fake baby,5,4,4,3
61817,xL8VzZto,1,brick,fake projectile baby,5,3,4,3
61818,xL8VzZto,1,brick,very small table,3,3,2,1
61819,xL8VzZto,1,brick,very small step stool,2,2,2,2
61820,xL8VzZto,1,brick,door stop,2,1,1,1
61821,xL8VzZto,1,brick,planter anchor,3,2,1,2
61822,xL8VzZto,1,brick,airplane chucks,3,4,3,2
61823,XOCpce4N,1,brick,building material,2,1,1,1
61824,XOCpce4N,1,brick,weight,1,3,1,1
61825,XOCpce4N,1,brick,doorstop,1,2,1,1
61826,XOCpce4N,1,brick,decking,2,1,1,2
61827,XOCpce4N,1,brick,garden border,2,2,1,2
61828,XOCpce4N,1,brick,steps,1,1,1,1
61829,XOCpce4N,1,brick,craft material,3,5,2,1
61830,XOCpce4N,1,brick,seating,2,3,1,2
61831,XOCpce4N,1,brick,bench,2,3,1,1
61832,XOCpce4N,1,brick,light posts for driveway,2,4,1,2
61833,XOCpce4N,1,brick,legs under something,1,1,3,2
61834,xreh095d,1,brick,build a house,2,1,1,1
61835,xreh095d,1,brick,make a car,4,3,1,2
61836,xreh095d,1,brick,make a bridge,2,1,1,2
61837,xreh095d,1,brick,make a well,2,1,1,2
61838,xreh095d,1,brick,fix computers,1,4,3,2
61839,xreh095d,1,brick,fix anything really,2,2,2,1
61840,xreh095d,1,brick,test for how deep something is,5,4,4,3
61841,XsiaT39r,1,brick,build a house,2,1,1,1
61842,XsiaT39r,1,brick,use as a step stool,1,2,2,2
61843,XsiaT39r,1,brick,break a window,1,2,1,2
61844,XsiaT39r,1,brick,have for self defense to hit an intruder,3,3,1,3
61845,XsiaT39r,1,brick,put in a planter pot to take up less dirt,2,4,3,2
61846,XsiaT39r,1,brick,cover a hole in the ground,2,4,2,2
61847,XsiaT39r,1,brick,fix a table on uneven ground,3,3,2,2
61848,XsiaT39r,1,brick,use as a paperweight,1,3,1,1
61849,XsiaT39r,1,brick,hold a door open,1,2,1,1
61850,XsiaT39r,1,brick,put behind a wheel to keep a car from rolling,1,4,2,2
61851,xt183kcM,1,brick,paperweight,1,3,1,1
61852,xt183kcM,1,brick,'pet rock',2,4,2,3
61853,xt183kcM,1,brick,planter (if it's a mason (?) brick... the ones with holes in them),3,3,1,2
61854,XToyk20a,1,brick,build a wall,1,1,1,1
61855,XToyk20a,1,brick,use as a barrier,2,2,2,1
61856,XToyk20a,1,brick,paper weight,2,2,1,1
61857,XToyk20a,1,brick,place marker,3,2,2,1
61858,XToyk20a,1,brick,insulation,3,3,4,1
61859,XToyk20a,1,brick,step,2,3,1,1
61860,XToyk20a,1,brick,stool,3,3,2,1
61861,XToyk20a,1,brick,door stop,2,1,1,1
61862,XToyk20a,1,brick,decoration,2,3,1,1
61863,XUgbTC6X,1,brick,door stop,2,1,1,1
61864,XUgbTC6X,1,brick,pet rock,5,5,2,2
61865,XUgbTC6X,1,brick,paper weight,2,2,1,1
61866,XUgbTC6X,1,brick,trash can lid weight,3,2,1,2
61867,XUgbTC6X,1,brick,garden ornament,3,1,1,2
61868,XwHlC4TU,1,brick,TO HOLD UP A SHELF,2,3,2,2
61869,XwHlC4TU,1,brick,PAPER WEIGHT,1,3,1,1
61870,XwHlC4TU,1,brick,pencil or pen holder,4,4,3,2
61871,XwHlC4TU,1,brick,hold a door open or shut,1,2,1,1
61876,y42hKMsQ,1,brick,building,2,1,1,1
61877,y42hKMsQ,1,brick,supporting a shelf,2,3,2,2
61878,y42hKMsQ,1,brick,paperweight,1,3,1,1
61879,y42hKMsQ,1,brick,hitting someone with it,2,3,1,2
61880,y42hKMsQ,1,brick,using as a balance,1,3,3,2
61881,y42hKMsQ,1,brick,breaking it into smaller pieces to have a rock,2,2,2,2
61882,y42hKMsQ,1,brick,decoration,1,4,1,2
61883,y42hKMsQ,1,brick,paving a road,2,1,1,1
61884,y42hKMsQ,1,brick,yelling at it,5,2,3,3
61885,y42hKMsQ,1,brick,keeping it as a pet,4,4,2,3
61886,Y5x88087,1,brick,building a house,2,1,1,1
61887,Y5x88087,1,brick,seperating a driveway,2,2,2,2
61888,Y5x88087,1,brick,making a driveway,2,1,1,1
61889,Y5x88087,1,brick,making a well,2,1,1,2
61890,Y5x88087,1,brick,building a chimney,2,1,1,1
61891,Y5x88087,1,brick,use as a weight on something,1,3,1,1
61892,Y5x88087,1,brick,build a fireplace,2,1,1,2
61893,Y5x88087,1,brick,make stairs,2,1,1,1
61894,Y6U1qj7v,1,brick,make a fake present,5,4,5,2
61895,Y6U1qj7v,1,brick,use with other bricks to make a house,1,1,1,1
61896,Y6U1qj7v,1,brick,put it in a sock and make a weapon,4,3,1,2
61897,Y6U1qj7v,1,brick,grind it into a paste for reddish coloring,5,3,3,3
61898,y6ZLJ0s9,1,brick,Paper Weight,2,2,1,1
61899,y6ZLJ0s9,1,brick,Warming Stone,4,5,2,1
61900,y6ZLJ0s9,1,brick,Knife Sharpener,3,4,3,1
61901,y6ZLJ0s9,1,brick,Can Opener,3,3,3,2
61902,y6ZLJ0s9,1,brick,Door Stop,2,1,1,1
61903,y6ZLJ0s9,1,brick,Weapon,2,2,1,1
61904,y6ZLJ0s9,1,brick,Hammer,3,2,2,1
61905,y8a88PFJ,1,brick,door stopper,2,1,1,1
61906,y8a88PFJ,1,brick,garden fencing,3,1,1,1
61907,y8a88PFJ,1,brick,block wheels of cars from rolling back while repairing,3,3,2,2
61908,y8a88PFJ,1,brick,sidewalk borders,1,1,1,1
61909,yE2Emi7f,1,brick,Build a wall,2,1,1,1
61910,yE2Emi7f,1,brick,build firepit,2,1,1,2
61911,yE2Emi7f,1,brick,Build a building,2,1,1,2
61912,yE2Emi7f,1,brick,Paint for art,3,5,2,2
61913,yE2Emi7f,1,brick,Lay on ground for walkway,2,1,1,1
61914,yE2Emi7f,1,brick,Carve names into,3,4,2,3
61915,yE2Emi7f,1,brick,lay for patio pavers,2,1,1,2
61916,yI7c2ST0,1,brick,weapon,2,3,1,1
61917,yI7c2ST0,1,brick,masonry,2,1,2,1
61918,yI7c2ST0,1,brick,building material,2,1,1,1
61919,yI7c2ST0,1,brick,garden border,2,2,1,2
61920,yI7c2ST0,1,brick,make a well,2,1,1,2
61921,yI7c2ST0,1,brick,make a fire pit,2,1,1,2
61922,yI7c2ST0,1,brick,housing material,2,1,1,1
61923,YkV9xA5d,1,brick,put it in toilet tank to save on water,5,5,4,3
61924,YkV9xA5d,1,brick,use it to warm your feet in bed on cold night,5,4,3,4
61925,YkV9xA5d,1,brick,use it to flatten cardboard that got went and bent out of shape,3,4,3,3
61926,YkV9xA5d,1,brick,"use it to scour furniture you are painting, to give it scuffed up vintage look",5,5,4,5
61927,YkV9xA5d,1,brick,use it to hold your toothbrush (stick it in holes in brick),3,3,3,3
61928,YkV9xA5d,1,brick,use it to hold a door open,1,2,1,1
61929,YkV9xA5d,1,brick,use it at bottom of bucket to keep it from blowing away in the wind (like trash can),4,3,2,3
61930,YLoXKL0w,1,brick,throw it at somebody,1,3,1,2
61931,YLoXKL0w,1,brick,build a house,2,1,1,1
61932,YLoXKL0w,1,brick,hurt somebody,2,3,1,2
61933,YLoXKL0w,1,brick,build a wall,2,1,1,1
61934,YLoXKL0w,1,brick,build a fence,2,1,1,2
61935,YLoXKL0w,1,brick,kill somebody,2,3,1,2
61936,YLoXKL0w,1,brick,give somebody a headache,4,3,1,3
61937,YLoXKL0w,1,brick,break it with something,1,2,1,1
61938,YLoXKL0w,1,brick,smash it over somebody's head,2,3,1,2
61939,YLoXKL0w,1,brick,lick it,4,3,3,2
61940,YLoXKL0w,1,brick,break your teeth on it,4,2,2,2
61941,YMnv29gG,1,brick,Use to reach something above you,2,2,2,1
61942,YMnv29gG,1,brick,Use to raise an object,2,2,2,1
61943,YMnv29gG,1,brick,Use as self defense,2,2,1,1
61944,Yn49gHlm,1,brick,building a building,2,1,1,1
61945,Yn49gHlm,1,brick,breaking a window,1,2,1,2
61946,Yn49gHlm,1,brick,used in a riot,3,3,1,3
61947,Yn49gHlm,1,brick,used in a garden,2,2,1,2
61948,Yn49gHlm,1,brick,used in a mosaic,4,4,2,3
61949,Yn49gHlm,1,brick,used to weigh something down,1,3,1,1
61950,Yn49gHlm,1,brick,paper weight,1,3,1,1
61951,Yn49gHlm,1,brick,conceptual art,3,5,3,2
61952,Yp17d9cU,1,brick,Building,2,1,1,1
61953,Yp17d9cU,1,brick,Paving,2,1,1,1
61954,Yp17d9cU,1,brick,throwing,1,3,1,1
61955,Yp17d9cU,1,brick,landscaping,2,1,1,1
61956,YpLqZ40R,1,brick,a border for flowers,4,1,1,3
61957,YpLqZ40R,1,brick,a wall,1,1,1,1
61958,YpLqZ40R,1,brick,added room,1,1,1,1
61959,YpLqZ40R,1,brick,driveway,1,1,1,1
61960,YpLqZ40R,1,brick,steps,2,3,1,1
61961,YpLqZ40R,1,brick,walk way or path,1,1,1,1
61962,Yr7E95zL,1,brick,build a house,1,1,1,1
61963,Yr7E95zL,1,brick,throw at something,2,2,1,1
61964,Yr7E95zL,1,brick,chop in half,1,1,2,1
61965,Yr7E95zL,1,brick,use as stair(s),2,1,1,1
61966,Yr7E95zL,1,brick,use to hold something up,2,2,2,1
61967,Yr7E95zL,1,brick,use to weigh something down,2,2,1,1
61968,yscNNYUT,1,brick,brick pathway,2,1,1,1
61969,yscNNYUT,1,brick,brick around a tree for decoration,2,3,1,3
61970,yscNNYUT,1,brick,crushed bricks for a driveway,2,1,2,2
61971,YYqZo504,1,brick,a house,2,2,1,1
61972,YYqZo504,1,brick,a weight,1,3,1,1
61973,YYqZo504,1,brick,to break something,1,3,1,1
61974,YYqZo504,1,brick,to decorate a lawn,2,5,1,2
61975,yZL3i8hJ,1,brick,build a wall,2,1,1,1
61976,yZL3i8hJ,1,brick,build a house,2,1,1,1
61977,yZL3i8hJ,1,brick,break a window,1,2,1,2
61978,yZL3i8hJ,1,brick,make a garden wall,2,2,1,2
61979,yZL3i8hJ,1,brick,create a foundation,2,1,1,1
61980,yZL3i8hJ,1,brick,make a sideway,2,1,1,1
61981,yZL3i8hJ,1,brick,display donor names,4,4,4,4
61982,yZL3i8hJ,1,brick,create a patio area,2,1,1,2
61983,yZL3i8hJ,1,brick,build fence,2,1,1,2
61984,yZL3i8hJ,1,brick,anchor a boat,1,4,2,2
61985,yZL3i8hJ,1,brick,tie it to something to sink something in the water,2,4,2,2
61986,z22yJ31W,1,brick,build a wall,2,1,1,1
61987,z22yJ31W,1,brick,use as weight,1,3,1,1
61988,z22yJ31W,1,brick,use in self defense,2,3,1,2
61989,z22yJ31W,1,brick,use to step on and reach higher,2,3,2,1
61990,z22yJ31W,1,brick,use for keeping things in place,2,3,2,1
61991,z75ZpTqa,1,brick,use to build a house,2,1,1,1
61992,z75ZpTqa,1,brick,use for making a landscaping border in your yard,2,2,1,2
61993,z75ZpTqa,1,brick,to put under an object to help it stay up,2,3,2,2
61994,z75ZpTqa,1,brick,use to make a mailbox holder,2,3,1,2
61995,z75ZpTqa,1,brick,for a fire pit.,2,1,1,2
61996,z793il3x,1,brick,building home,1,1,1,1
61997,z793il3x,1,brick,line walk,2,1,1,1
61998,z793il3x,1,brick,hold landscape cloth in place,3,2,1,1
61999,z793il3x,1,brick,raise level in small body of water,5,4,4,1
62000,z793il3x,1,brick,block wheels from rolling,3,3,2,2
62001,z793il3x,1,brick,support bird feeder,3,2,1,2
62002,z7LH0dDt,1,brick,use as a hammer,1,4,2,2
62003,z7LH0dDt,1,brick,make a planter box with,2,1,1,2
62004,z7LH0dDt,1,brick,build a oven with,3,1,1,2
62005,z7LH0dDt,1,brick,build house with,2,1,1,1
62006,z7LH0dDt,1,brick,break windows with,1,2,1,2
62007,zaTZTqFs,1,brick,Build a house,1,1,1,1
62008,zaTZTqFs,1,brick,a weapon,2,2,1,1
62009,zaTZTqFs,1,brick,Bird house,3,3,1,3
62010,zaTZTqFs,1,brick,Barbecue pit,2,2,1,2
62011,zaTZTqFs,1,brick,shelf,2,1,1,1
62012,zaTZTqFs,1,brick,book end,2,4,1,1
62013,zaTZTqFs,1,brick,table,2,2,1,1
62014,zaTZTqFs,1,brick,frame for artwork,4,3,1,1
62015,zaTZTqFs,1,brick,shovel,1,4,2,1
62016,zaTZTqFs,1,brick,knife handle,1,2,4,1
62017,zaTZTqFs,1,brick,roof,1,1,1,1
62018,zaTZTqFs,1,brick,step ladd,2,3,2,1
62019,zQDNuQPL,1,brick,Building something,1,1,1,1
62020,zQDNuQPL,1,brick,Breaking something,1,2,1,1
62021,zQDNuQPL,1,brick,Supporting something,2,2,1,1
62022,zQDNuQPL,1,brick,Holding something down,2,2,1,1
62023,zQDNuQPL,1,brick,Hurting someone,1,2,1,1
62024,zQDNuQPL,1,brick,Cooking [no seriously Google it and you'll thank me for a delicious steak],4,4,2,3
62025,zRMvwdx6,1,brick,to build buildings,1,1,1,1
62026,zRMvwdx6,1,brick,to build porches,2,1,1,1
62027,zRMvwdx6,1,brick,to build buildings,1,1,1,1
62028,zvXd0H7K,1,brick,throw ,1,3,1,1
62029,zvXd0H7K,1,brick,break things,1,2,1,1
62030,zvXd0H7K,1,brick,weigh things down,1,3,1,1
62031,zvXd0H7K,1,brick,sit on it,1,3,2,2
62032,zvXd0H7K,1,brick,protection,1,4,1,2