id,for_user_id,round_id,item,idea_content,rater1,rater2,rater3
40001,1,1,box,break dancing mat,3,1,2
40002,1,1,box,chair for a broke college student,2,2,1
40003,1,1,box,earrings,2,1,2
40004,1,1,box,high fashion runway outfit,4,4,2
40005,1,1,box,home for a broke college student,2,2,1
40006,1,1,box,logo for a based company,2,2,3
40007,1,1,box,modern art piece,2,2,1
40008,1,1,box,object head,2,1,1
40009,1,1,box,sex toy,1,2,3
40010,1,1,box,table for a broke college student,2,2,1
40011,2,1,box,can put keys in the,1,1,2
40012,2,1,box,drugs,1,1,1
40013,2,1,box,games,2,1,2
40014,2,1,box,hide into,2,1,2
40015,2,1,box,put money into,1,1,1
40016,2,1,box,put papers into,1,1,1
40017,2,1,box,snacks,1,1,2
40018,2,1,box,stash condoms,2,2,1
40019,2,1,box,stash of cigarillos,2,2,1
40020,2,1,box,toys,2,2,1
40021,3,1,box,to build a fort,2,1,2
40022,3,1,box,to collect eggs out on the ole Danish farm,1,4,4
40023,3,1,box,to collect used shoelaces,1,3,1
40024,3,1,box,to cut up and make Christmas ornaments out of,2,4,2
40025,3,1,box,to keep your embarrassing life memories in,2,3,2
40026,3,1,box,to see what it's like to live in a/ be homeless,2,2,2
40027,3,1,box,to use as a toilet when needed,2,2,2
40028,3,1,box,to use to stand on to reach things that are hard to reach for vertically challenged people,2,3,1
40029,5,1,box,bed for an animal,2,1,2
40030,5,1,box,fort for a child,2,1,2
40031,5,1,box,sled for children to push each other in,2,1,1
40032,6,1,box,make shift home,2,1,1
40033,6,1,box,make smaller from it,3,2,2
40034,6,1,box,turn it in to a basketball goal,2,2,2
40035,6,1,box,use a hockey goal,3,2,2
40036,6,1,box,use a trashcan,2,2,1
40037,6,1,box,use as a hat,2,1,1
40038,6,1,box,wear it as a sign,2,2,1
40040,7,1,box,hide and go seek,2,2,2
40041,7,1,box,restaurant,1,1,1
40042,7,1,box,your little apartment,2,2,3
40043,7,1,box,your own room,2,2,2
40044,8,1,box,find a wet  slick hill and slide down,2,1,1
40045,8,1,box,put a pillow in the and toss it around,2,1,2
40046,8,1,box,use the as a car and have fun,2,1,2
40047,9,1,box,Art supplies,1,1,1
40048,9,1,box,boat,2,1,2
40049,9,1,box,carry baby rabbits,2,1,1
40050,9,1,box,cover a spider from moving,2,2,2
40051,9,1,box,doll house,2,1,2
40052,9,1,box,Hold books,1,1,1
40053,9,1,box,hold hair products,1,1,1
40054,9,1,box,live in,2,1,1
40055,9,1,box,paperwork,1,1,1
40056,9,1,box,rocket,2,2,2
40057,10,1,box,chair,2,1,1
40058,10,1,box,friend,2,1,2
40059,10,1,box,glove,2,2,2
40060,10,1,box,hat,2,1,1
40061,10,1,box,house,2,1,1
40062,10,1,box,laundry basket,3,2,1
40063,10,1,box,roof,3,2,1
40064,10,1,box,shoe,2,1,1
40065,11,1,box,as a form of clothing,2,1,1
40066,11,1,box,Making a jewelry out of it,1,2,1
40067,11,1,box,Using it as a hat,2,1,1
40068,11,1,box,Using it as a lamp shade,4,4,2
40069,11,1,box,Using it as a picnic table,2,2,1
40070,12,1,box,bookshelf,2,1,2
40071,12,1,box,clubhouse,2,1,2
40072,12,1,box,dinner stand,2,1,1
40073,12,1,box,drum,2,2,2
40074,12,1,box,flattened for a dog bed,3,1,2
40075,12,1,box,helmet,3,2,2
40076,12,1,box,imaginary computer for children,3,2,2
40077,12,1,box,kids table,3,1,1
40078,12,1,box,nail polish display case,2,2,1
40079,12,1,box,organizer,1,1,1
40080,12,1,box,picture frame,2,3,2
40081,12,1,box,piggy bank,3,2,2
40082,12,1,box,place mat,3,3,2
40083,12,1,box,spaceship,2,2,2
40084,13,1,box,A convenient table,3,1,1
40085,13,1,box,For use as a turtle shell when making a turtle costume,4,3,3
40086,13,1,box,The could be cut and turned into a funky pair of shoes,2,3,2
40087,14,1,box,car,2,1,2
40088,14,1,box,costume,2,1,2
40089,14,1,box,fan,2,1,2
40090,14,1,box,Fort,2,1,2
40091,14,1,box,friend,2,1,2
40092,14,1,box,paper towel,2,2,2
40093,14,1,box,plate,2,2,1
40094,14,1,box,shoes,2,1,1
40095,14,1,box,spaceship,2,2,2
40096,14,1,box,stencil,3,3,2
40097,14,1,box,table,2,1,1
40098,15,1,box,build wings  try to fly,3,2,2
40099,15,1,box,cardboard robot,2,2,2
40100,15,1,box,cube hat,2,1,2
40101,15,1,box,flimsy chair,2,2,2
40102,15,1,box,kitten carrying case,3,1,2
40103,15,1,box,make a fort,2,1,2
40104,15,1,box,no budget dinner table,3,2,1
40105,15,1,box,put more in,1,1,2
40106,15,1,box,really ugly coat,3,2,2
40107,15,1,box,rent free house,3,2,2
40108,15,1,box,tower of inventory,2,2,2
40109,17,1,box,boat,2,1,2
40110,17,1,box,car,2,1,2
40111,17,1,box,clubhouse,2,1,2
40112,17,1,box,coffin,3,2,2
40113,17,1,box,costume,2,1,2
40114,17,1,box,crafts,2,1,1
40115,17,1,box,diorama,1,3,2
40116,17,1,box,doghouse,2,1,2
40117,17,1,box,furniture,2,1,1
40118,17,1,box,house,2,1,1
40119,17,1,box,island,2,1,2
40120,17,1,box,podium,3,3,2
40121,17,1,box,shelter,2,1,1
40122,17,1,box,storage crate,1,1,1
40123,17,1,box,tent,2,2,2
40124,17,1,box,toy chest,1,2,1
40125,17,1,box,trash can,2,1,1
40126,18,1,box,bathroom,1,1,2
40127,18,1,box,boy,1,1,2
40128,18,1,box,cat,1,1,2
40129,18,1,box,Box chair,2,1,1
40130,18,1,box,dog,1,1,2
40131,18,1,box,door,2,1,2
40132,18,1,box,fish tank,3,2,2
40133,18,1,box,flower,1,2,2
40134,18,1,box,Box for a computer,1,1,1
40135,18,1,box,girl,1,1,1
40136,18,1,box,Box hairstyle,1,1,2
40137,18,1,box,house,1,1,1
40138,18,1,box,mate,1,1,1
40139,18,1,box,money,1,1,2
40140,18,1,box,person,1,1,1
40141,18,1,box,phone,1,1,2
40142,18,1,box,radio,1,2,1
40143,18,1,box,shoes,2,1,1
40144,18,1,box,shower curtain,3,3,2
40145,18,1,box,soap,1,2,2
40146,18,1,box,television,1,1,1
40147,18,1,box,toilet,1,1,2
40148,18,1,box,towel,2,2,2
40149,18,1,box,tree,1,1,2
40150,18,1,box,umbrella,4,3,1
40151,18,1,box,vase,3,3,2
40152,18,1,box,water bottle,3,1,2
40153,18,1,box,Creating a car,2,1,2
40154,19,1,box,flying into outer space to have sex on the moon,2,4,2
40155,19,1,box,pretending it is a sturdy seat by covering it with a seat cover and allowing people to sit on it,3,2,2
40156,19,1,box,Using the as a hiding place to protect yourself from aliens,2,3,3
40157,21,1,box,burn it to ashes,2,2,2
40158,21,1,box,fill it up with spit,1,1,2
40159,21,1,box,make a game,2,2,2
40160,21,1,box,make a hat,2,1,1
40161,21,1,box,make a shirt,2,1,2
40162,21,1,box,make SpongeBob's shorts,5,3,3
40163,21,1,box,paint it,2,1,1
40164,21,1,box,plant weed plants,2,2,2
40165,21,1,box,use it as a chair,2,1,1
40166,21,1,box,use it as a tub,2,2,2
40167,22,1,box,a back straightener,3,3,2
40168,22,1,box,a bug proof vest,5,4,3
40169,22,1,box,a drum set,5,2,2
40170,22,1,box,a hat,2,1,1
40171,22,1,box,a jungle gym for bugs,5,4,3
40172,22,1,box,a pet cat named boxy,2,3,3
40173,22,1,box,a pillow,2,2,2
40174,22,1,box,a plane,2,2,2
40175,22,1,box,a poop shoot,2,1,2
40176,22,1,box,a punching bag,3,3,2
40177,22,1,box,a remote control,2,2,2
40178,22,1,box,a shoe,2,1,1
40179,22,1,box,a toilet,2,1,2
40180,22,1,box,a toothbrush,2,2,3
40181,22,1,box,a tote,2,1,1
40182,22,1,box,a tub,3,1,2
40183,22,1,box,a unicorn,1,1,2
40184,22,1,box,making a phone or music player louder,3,4,2
40185,23,1,box,You can do anything with a  as long as you have your IMAGINATION,1,1,1
40186,23,1,box,You can hide under a and sneak around in it Everyone will be fooled  if you just stay still for a while,3,3,2
40187,23,1,box,You can think Outside of the,1,1,4
40188,23,1,box,You can use as parts of a cosplay/costume,2,2,2
40189,23,1,box,You can use to build a fort,2,1,2
40190,23,1,box,You can wear a large on your back to emulate a turtle,3,3,3
40191,24,1,box,Bookbag use for books,3,1,2
40192,24,1,box,fill with grapes and stomp for juice,5,3,4
40193,24,1,box,fill with jelly and play in,2,3,2
40194,24,1,box,hat,2,1,1
40195,24,1,box,live in,2,1,1
40196,24,1,box,purse,2,2,2
40197,24,1,box,put mail in,1,1,1
40198,24,1,box,sit in,2,1,1
40199,24,1,box,stuff animals in,2,1,2
40200,24,1,box,to poop in,2,1,2
40201,24,1,box,use to throw in a game,2,2,2
40202,25,1,box,A can be used to house a cat,2,1,2
40203,25,1,box,to help plants grow by adding the material to soil,3,2,3
40204,25,1,box,to make cardboard clothes,2,1,2
40205,25,1,box,used to make cardboard book bag,2,2,2
40206,26,1,box,accessories,1,1,1
40207,26,1,box,blanket,3,2,2
40208,26,1,box,break dancing mat,3,1,2
40209,26,1,box,canvas,2,2,1
40210,26,1,box,chair,2,1,1
40211,26,1,box,food,2,1,2
40212,26,1,box,hat,2,1,1
40213,26,1,box,house,2,1,1
40214,26,1,box,packing,1,1,1
40215,26,1,box,paint pallet,2,2,2
40216,26,1,box,pants,1,1,2
40217,26,1,box,shirt,2,2,2
40218,26,1,box,shoes,2,1,1
40219,26,1,box,shoes,2,1,1
40220,26,1,box,sled,2,1,1
40221,26,1,box,storage,1,1,1
40222,26,1,box,umbrella,2,3,1
40223,26,1,box,underwear,2,2,2
40224,27,1,box,Cut legs out of it and run into people on the street,3,3,2
40225,27,1,box,Cutting holes in it and putting it on and walk down the street,2,2,2
40226,27,1,box,Put tape around it about 1000 times and roll it down a landfill hill and see how much stuff you collect,4,4,5
40227,27,1,box,Throw it at a dog,2,1,2
40228,28,1,box,bed,2,1,1
40229,28,1,box,chair,2,1,1
40230,28,1,box,handbag,2,2,2
40231,28,1,box,hat,2,1,1
40232,28,1,box,house,2,1,1
40233,28,1,box,mailbox,2,2,1
40234,28,1,box,pillow,2,2,2
40235,28,1,box,shoebox,1,1,1
40236,28,1,box,shoes,2,1,1
40237,28,1,box,stool,3,1,1
40238,28,1,box,table,2,1,1
40239,29,1,box,architecture material,3,2,2
40240,29,1,box,calendar,3,2,2
40241,29,1,box,cat toy,2,1,2
40242,29,1,box,costume,2,1,2
40243,29,1,box,drawing board,2,2,1
40244,29,1,box,mask,2,2,2
40245,29,1,box,sculpting material,2,2,2
40246,30,1,box,a boat,2,1,2
40247,30,1,box,a car,2,1,2
40248,30,1,box,a plane,2,1,2
40249,30,1,box,a sled,2,1,1
40250,30,1,box,a birdhouse,2,3,2
40251,30,1,box,a pet,2,1,2
40252,30,1,box,food,2,1,2
40253,30,1,box,make it into a dollhouse,2,2,2
40254,30,1,box,make it into a pretend rocket ship,2,2,2
40255,30,1,box,sleep in it,2,1,1
40256,31,1,box,accessories,1,1,1
40257,31,1,box,airplane,2,1,2
40258,31,1,box,book bag,3,1,2
40259,31,1,box,as a ski board,4,2,2
40260,31,1,box,to cook in,3,1,2
40261,31,1,box,candy,1,1,2
40262,31,1,box,car,2,1,2
40263,31,1,box,flower lollipops,1,2,2
40264,31,1,box,hairstyle,1,2,3
40265,31,1,box,jet ski,1,2,2
40266,31,1,box,outfit,1,2,2
40267,31,1,box,tampons as a hat,1,1,1
40268,31,1,box,using pencils as eating utensils,1,1,1
40269,32,1,box,A dead body,2,1,2
40270,32,1,box,A dollhouse,3,1,2
40271,32,1,box,A house,2,1,1
40272,32,1,box,A wagon,4,1,2
40273,32,1,box,Carry books in,1,1,1
40274,32,1,box,Play games in,2,2,2
40275,32,1,box,To carry objects,1,1,1
40276,32,1,box,To sleep in,2,1,1
40277,32,1,box,Use the bathroom in,2,1,2
40278,33,1,box,Depending on the size or how many you have  you could build a fort,2,1,2
40279,33,1,box,You could use it to create a replica from a scene in a movie  play tv show  etc.,2,3,2
40280,34,1,box,Cat traps,4,1,2
40281,34,1,box,Cut holes in it  stack it with other and make a tower for kittens and cats to play in,3,2,2
40282,34,1,box,Cut holes in it  use it as a robot head,2,2,2
40283,34,1,box,Make a pixilated version of yourself with,5,5,5
40284,34,1,box,Make it water proof and sail down a river in a,4,3,2
40285,34,1,box,Silly oversized helmet,2,3,2
40286,34,1,box,Strap it to your back and act like a ninja turtle,4,3,3
40287,35,1,box,canvas,2,2,1
40288,35,1,box,cookie cutter,4,3,3
40289,35,1,box,eating tray,2,1,1
40290,35,1,box,letter maker,2,1,2
40291,35,1,box,packing,1,1,1
40293,35,1,box,pillow,2,2,2
40294,35,1,box,platter,2,2,1
40295,35,1,box,puzzle pieces,3,3,3
40296,35,1,box,seafood feast tray,2,3,3
40297,35,1,box,sex guard,2,2,3
40298,35,1,box,shield,2,2,2
40299,35,1,box,sleeping,2,1,1
40300,35,1,box,snow sled,2,1,1
40301,35,1,box,sun guard,2,2,2
40302,35,1,box,umbrella,2,3,1
40303,36,1,box,Christmas,1,1,2
40304,36,1,box,for trash,2,1,1
40305,36,1,box,jewelry,1,2,2
40306,36,1,box,junk,1,1,1
40307,36,1,box,move,1,1,1
40308,36,1,box,present,1,1,1
40309,36,1,box,scare people,1,1,2
40310,36,1,box,stand,2,1,1
40311,36,1,box,storage,1,1,1
40312,37,1,box,animal home,2,1,2
40313,37,1,box,building,1,1,1
40314,37,1,box,carpet,3,2,2
40315,37,1,box,carry things,1,1,1
40316,37,1,box,home,2,1,1
40317,37,1,box,shoe,2,1,1
40318,37,1,box,stage,2,3,1
40319,37,1,box,storage,1,1,1
40320,38,1,box,a home,2,1,1
40321,38,1,box,have sex in one,2,1,2
40322,38,1,box,hide alcohol,2,1,2
40323,38,1,box,hide condoms,2,1,2
40324,38,1,box,hide porn magazines,1,1,2
40325,38,1,box,put over an ugly girls face,2,2,3
40327,39,1,box,build a house,2,1,1
40328,39,1,box,make a robot costume,2,2,2
40329,39,1,box,turn it into a bed for an animal,2,1,2
40330,39,1,box,use it as a cart by putting wheels on it,2,3,2
40331,39,1,box,use it as a giant dice,3,4,3
40332,39,1,box,use it as a story board,2,3,3
40333,40,1,box,Hide in a large to scare someone,2,2,2
40334,40,1,box,To act as a robot,2,2,2
40335,40,1,box,to play a joke on someone by putting something unusual in the,1,2,2
40336,40,1,box,to play soccer,2,2,2
40337,40,1,box,to use as a punching bag tied by a rope to a tree,3,4,2
40338,42,1,box,A COSTUME,2,1,1
40339,42,1,box,A hat,2,1,1
40340,42,1,box,Basketball rim,3,2,2
40341,42,1,box,Hiding Spot,2,1,2
40342,42,1,box,House,2,1,1
40343,42,1,box,shoes,2,1,1
40344,42,1,box,Soccer net,2,2,2
40345,42,1,box,storage,1,1,1
40346,43,1,box,keep a pet in it,2,1,2
40347,43,1,box,you can use it as a basketball hoop by shooting basketball in it,2,2,2
40348,43,1,box,you can use it to keep your head dry by placing it over your had in the rain,3,3,1
40349,44,1,box,bad hiding space during hide and seek,3,2,2
40350,44,1,box,bunny trap,2,2,2
40351,44,1,box,cat bed,2,1,2
40352,44,1,box,mine craft mask,2,2,2
40353,44,1,box,pinata,2,3,2
40354,44,1,box,pretend armor,2,2,2
40355,44,1,box,sand,3,2,2
40356,44,1,box,small animal prison,2,3,2
40357,44,1,box,target practice,3,2,2
40358,44,1,box,trashcan,2,1,1
40359,44,1,box,Zen garden,5,2,4
40360,45,1,box,building blocks for a made up city,4,2,2
40361,45,1,box,dog show practicing,3,1,2
40362,45,1,box,foot rest,2,1,1
40363,45,1,box,homemade putt putt course,4,4,3
40364,45,1,box,sled,2,1,1
40365,45,1,box,sleeping,2,1,1
40366,45,1,box,time machine,3,2,3
40367,46,1,box,a container for makeup and other items that hang on the wall,3,1,1
40368,46,1,box,foot stool,2,1,1
40369,46,1,box,ice cream cone holder,2,4,2
40370,46,1,box,paint pallet,2,2,2
40371,46,1,box,pencil pouch,2,2,2
40372,46,1,box,shoes,2,1,1
40373,46,1,box,sled,2,1,1
40374,47,1,box,you could draw on it and make it a house or toy for a small child,2,2,2
40375,47,1,box,you could make it an animal carrier,2,1,2
40376,47,1,box,you could put catnip in it as a toy for a cat,3,2,2
40377,47,1,box,you could use it as a desk organizer,1,2,1
40378,47,1,box,you could use it as a lunch,2,2,1
40379,47,1,box,you could use it as a sled,2,1,1
40380,47,1,box,you could use it as a unique canvas for painting,2,2,2
40381,47,1,box,you could wrap a present in it,1,1,1
40382,48,1,box,antiques,1,1,2
40383,48,1,box,books,1,1,1
40384,48,1,box,cards,3,2,2
40385,48,1,box,cases,2,1,1
40386,48,1,box,children,2,1,1
40387,48,1,box,clothes,2,1,1
40388,48,1,box,dead bodies,1,1,2
40389,48,1,box,food,2,1,2
40390,48,1,box,hair,1,1,2
40391,48,1,box,hair supplies,1,1,1
40392,48,1,box,jack,4,1,1
40393,48,1,box,jewelry,1,2,2
40394,48,1,box,keys,2,1,2
40395,48,1,box,letters,2,1,2
40396,48,1,box,memory keep safes,1,2,1
40397,48,1,box,money,2,1,2
40398,48,1,box,nail polish,1,2,1
40399,48,1,box,panties,2,1,2
40400,48,1,box,paper,3,1,1
40401,48,1,box,pens,1,1,2
40402,48,1,box,phones,1,1,2
40403,48,1,box,pictures,2,2,2
40404,48,1,box,purses,2,2,2
40405,48,1,box,receipts,1,1,1
40406,48,1,box,shoes,2,1,1
40407,48,1,box,skeleton,1,1,2
40408,48,1,box,socks,2,2,2
40409,48,1,box,toys,2,2,1
40410,49,1,box,draw on it,2,2,1
40411,49,1,box,drink out of it,3,1,2
40412,49,1,box,float to an island on it,3,3,2
40413,49,1,box,hit people with it,2,1,2
40414,49,1,box,kick it like a piece of ice at a ice skating rink,2,2,2
40415,49,1,box,roll dice with it,3,2,3
40416,49,1,box,store stuff in it,1,1,1
40417,49,1,box,to build high buildings,2,1,2
40418,49,1,box,to sit on it,2,1,1
40419,49,1,box,to take it apart,2,1,2
40420,49,1,box,use the corners to poke people,3,3,3
40421,50,1,box,bookmark,4,2,2
40422,50,1,box,chair,2,1,1
40423,50,1,box,clothes,2,1,1
40424,50,1,box,cutting board,4,3,2
40425,50,1,box,house,2,1,1
40426,50,1,box,imaginary race car,2,2,2
40427,50,1,box,plate,2,2,1
40428,50,1,box,pooper scooper,3,3,2
40429,50,1,box,something to write on,2,1,1
40430,50,1,box,table,2,1,1
40431,50,1,box,toilet paper,2,2,2
40432,50,1,box,umbrella,2,3,1
40433,51,1,box,cut a flat piece of the cardboard out and use it like a table to be able to write on it,2,1,1
40434,51,1,box,organize objects,1,1,1
40435,51,1,box,set boundaries for animals,2,3,2
40436,51,1,box,sled for going down hills,2,1,1
40437,51,1,box,storage for many things in life,1,1,1
40438,51,1,box,use it as a costume ,2,1,2
40439,51,1,box,use pieces of the to make ornaments and various objects that could be used in daily life,2,3,1
40440,52,1,box,chair,2,1,1
40441,52,1,box,dog house,2,1,2
40442,52,1,box,foot stool,2,1,1
40443,52,1,box,Fort,2,1,2
40444,52,1,box,Plant things in,3,2,2
40445,52,1,box,race car,2,2,2
40446,52,1,box,recycling bin,2,1,1
40447,52,1,box,windshield protector,3,3,2
40448,53,1,box,A HAT,2,1,1
40449,53,1,box,a hiding spot,2,1,2
40450,53,1,box,Clubhouse that's bigger on the inside than it appears to be on the out,3,2,2
40451,53,1,box,Costume,2,1,2
40452,53,1,box,Imaginary Car,2,2,2
40453,53,1,box,Playhouse,2,1,2
40454,53,1,box,Something to be pushed down the stairs in,2,1,2
40455,53,1,box,Thinking place,2,2,3
40456,54,1,box,A backpack,3,1,2
40457,54,1,box,A cabinet for food,2,1,1
40458,54,1,box,A crate for a dog,3,1,2
40459,54,1,box,A desk,2,1,1
40460,54,1,box,A hat,2,1,1
40461,54,1,box,A house for kids to play in,2,1,2
40462,54,1,box,A suitcase/traveling bag,3,2,1
40463,54,1,box,Clothing,2,1,1
40464,54,1,box,To hold different items in,1,1,1
40465,55,1,box,car in play,1,1,1
40466,55,1,box,coffee table,2,1,1
40467,55,1,box,easily lift things,1,1,1
40468,55,1,box,easily transfer objects,1,1,1
40469,55,1,box,files,1,1,1
40470,55,1,box,foot rest,2,1,1
40471,55,1,box,gift,2,1,1
40472,55,1,box,hide,2,1,2
40473,55,1,box,mailbox,2,2,1
40474,55,1,box,movie,1,1,1
40475,55,1,box,moving,1,1,1
40476,55,1,box,organization,1,1,1
40477,55,1,box,packing,1,1,1
40478,55,1,box,pull around a kid in,2,2,2
40479,55,1,box,put bills in,1,1,1
40480,55,1,box,storage,1,1,1
40481,55,1,box,taking up space,2,1,2
40482,55,1,box,wrapping,1,1,1
40483,56,1,box,rip the into pieces and use a couple as a front and back chest armor suit  then use one to make a sword and the rest to make a helmet or other parts of armor,2,3,2
40484,57,1,box,capturing things,1,1,2
40485,57,1,box,hiding stuff,2,1,2
40486,57,1,box,making a home for a small animal,2,1,2
40487,57,1,box,playing games,2,2,1
40488,57,1,box,shoe storage,1,1,1
40489,57,1,box,sitting inside,2,1,1
40490,57,1,box,standing on,2,1,1
40491,57,1,box,storing things,1,1,1
40492,57,1,box,using it for a hat,2,1,1
40493,57,1,box,using it for a table,2,1,1
40494,57,1,box,using it to put stuff on,1,1,1
40495,58,1,box,a hiding place,2,1,2
40496,58,1,box,a spaceship and you can add wings,2,2,2
40497,58,1,box,a tunnel,3,1,2
40498,58,1,box,paint it and use to for decoration in a house,2,2,1
40499,58,1,box,use it as a coffee table,2,2,1
40500,59,1,box,airplane,2,1,2
40501,59,1,box,bed,2,1,1
40502,59,1,box,house,2,1,1
40503,59,1,box,punching bag,2,3,2
40504,59,1,box,ship,2,1,1
40505,59,1,box,sled,2,1,1
40506,59,1,box,step stool,3,1,1
40507,59,1,box,to draw on,2,1,1
40508,59,1,box,tree topper,2,3,2
40509,59,1,box,truck,2,1,1
40510,59,1,box,weapon,1,1,1
40511,60,1,box,build a castle,2,1,2
40512,60,1,box,coloring for children,2,1,1
40513,60,1,box,costume,2,1,2
40514,60,1,box,door mat,3,2,2
40515,60,1,box,exercise class,3,1,2
40516,60,1,box,hid in go seek,2,1,2
40517,60,1,box,inn a race,1,1,1
40518,60,1,box,jump on,2,1,2
40519,60,1,box,mask,2,2,2
40520,60,1,box,sled,2,1,1
40521,60,1,box,superman,1,1,1
40522,60,1,box,used in a fight,2,1,1
40523,60,1,box,weight lifting,3,2,3
40524,61,1,box,Basketball Goal,3,2,2
40525,61,1,box,Go-kart frame,2,3,2
40526,61,1,box,Hockey Goal,3,2,2
40527,61,1,box,sled,2,1,1
40528,61,1,box,snow board,3,1,1
40529,61,1,box,Soccer Goal,2,2,2
40530,61,1,box,Trash Can,2,1,1
40531,61,1,box,Trash Can,2,1,1
40532,62,1,box,a foot rest,2,1,1
40533,62,1,box,a home entertainment system,3,2,2
40534,62,1,box,a house or fort for animals,2,1,2
40535,62,1,box,cardboard machete volcano,2,2,3
40536,63,1,box,building,1,1,1
40537,63,1,box,cooking,2,1,2
40538,63,1,box,creating beats for a song,3,2,2
40539,63,1,box,dancing,2,1,2
40540,63,1,box,doing hair,1,1,1
40541,63,1,box,drawing,2,2,1
40542,63,1,box,juggling,3,2,2
40543,63,1,box,painting,2,2,1
40544,63,1,box,playing a instrument,2,2,2
40545,63,1,box,poetry,1,1,1
40546,63,1,box,rapping,2,1,1
40547,63,1,box,singing,1,1,2
40548,63,1,box,skate boarding,1,1,2
40549,63,1,box,skating,1,1,2
40550,63,1,box,writing,2,1,1
40551,64,1,box,Completely taking the apart  you can then reconstruct it to make a square flower,3,3,2
40552,64,1,box,If the is closed  then punch a hole in the side of it and make a robot head,2,2,2
40553,64,1,box,Open the flaps of the Cut them off and then you have a car,2,2,2
40554,64,1,box,Wings,2,2,2
40555,65,1,box,a dress,2,1,2
40556,65,1,box,a house for a cat,2,1,2
40557,65,1,box,as a shadow,2,2,2
40558,65,1,box,to plant flowers in,2,2,2
40559,65,1,box,you can use it to make a bird house,2,3,2
40560,66,1,box,Line the with foil and cut a hole in the top Place it outside in the sun  when the temperature is above 80  and place a magnifying glass on top of the hole Inside the  directly under the hole  should be a meal that is uncooked The heat should c,5,3,4
40561,67,1,box,basketball goal,3,2,2
40562,67,1,box,build a hoover craft,2,3,3
40563,67,1,box,building a house,2,1,1
40564,67,1,box,carrying you books to school,2,1,1
40565,67,1,box,design a room in,3,1,1
40566,67,1,box,dog bed,2,1,2
40567,67,1,box,making a care,1,1,1
40568,67,1,box,making a manager scene,2,2,2
40569,67,1,box,making stop sign,2,2,2
40570,67,1,box,storage,1,1,1
40571,67,1,box,toy car,2,2,2
40572,67,1,box,use as a canvas,2,2,1
40573,67,1,box,use as a chair,2,1,1
40574,67,1,box,use as a desk,2,1,1
40575,67,1,box,use to take notes on,2,2,1
40576,67,1,box,use to test paints,2,3,1
40577,68,1,box,Connecting to make a bed,3,1,2
40578,68,1,box,Drawing,2,2,1
40579,68,1,box,Floats,2,1,1
40580,68,1,box,Fort,2,1,2
40581,68,1,box,Hat,2,1,1
40582,68,1,box,Homes,2,1,1
40583,68,1,box,Kicking Game,2,2,2
40584,68,1,box,Outfit,1,2,2
40585,68,1,box,Plate,2,2,1
40586,68,1,box,Shelter,2,1,1
40587,68,1,box,Sitting,2,1,1
40588,68,1,box,Spaceships,2,2,2
40589,68,1,box,Stacking,2,2,1
40590,68,1,box,Throwing,2,1,2
40591,68,1,box,Toy Car,2,2,2
40592,71,1,box,cut it up and make it into some type of art display,2,2,2
40593,71,1,box,design it,1,1,1
40594,71,1,box,make it a costume,2,2,2
40595,71,1,box,to store socks,1,1,1
40596,71,1,box,to wear as a Halloween mask,2,2,2
40597,72,1,box,building blocks example transformers,4,2,2
40598,72,1,box,clothing,2,1,1
40599,72,1,box,home,2,1,1
40600,72,1,box,Lego blocks,3,2,2
40601,72,1,box,shoe,2,1,1
40602,72,1,box,sled,2,1,1
40603,72,1,box,storage,1,1,1
40604,75,1,box,A BAG,2,1,1
40605,75,1,box,A bed,2,1,2
40606,75,1,box,A dinner plate,2,1,2
40607,75,1,box,A hat,2,1,1
40608,75,1,box,A sled,2,1,1
40609,75,1,box,A surf board,3,2,2
40610,76,1,box,centerpiece,2,2,2
40611,76,1,box,hat,2,1,1
40612,76,1,box,jewelry storage,1,2,1
40613,76,1,box,step,2,1,1
40614,77,1,box,Coffee table,2,1,1
40615,77,1,box,Fort,2,1,2
40616,77,1,box,map,3,2,2
40617,77,1,box,playing die,2,2,2
40618,77,1,box,shield,2,2,2
40619,77,1,box,sled,2,1,1
40620,78,1,box,Break the down and try to reassemble it into a new shape,2,2,2
40621,78,1,box,Cut holes in the sides of the and draw it from different perspectives,2,3,2
40622,78,1,box,Put the in a still life and paint a picture of the still life,2,4,3
40623,78,1,box,Recreate a scene from your favorite movie or book inside the,2,3,2
40624,78,1,box,Use the as a black on stage during a theatre improv activity,2,4,3
40625,79,1,box,bowl,3,1,1
40626,79,1,box,clothing,2,1,1
40627,79,1,box,coffin,3,2,2
40628,79,1,box,hat,2,1,1
40629,79,1,box,House,2,1,1
40630,79,1,box,play house,2,1,2
40631,79,1,box,puppet,2,2,2
40632,79,1,box,shoes,2,1,1
40633,79,1,box,treasure,1,3,1
40634,80,1,box,As a wall decoration,2,1,2
40635,80,1,box,Make it into a car or spaceship for kids to play in,2,2,2
40636,81,1,box,Cut out pieces and use them to build cardboard models,2,2,2
40637,81,1,box,Hide out in the woods,2,2,2
40638,81,1,box,Use it as a hiding place after pranking Old Man Watson,2,4,4
40639,81,1,box,Use it to block the rays of the sun so that your vampire does not combust,4,4,4
40640,81,1,box,Use it to contain your baby Loch Ness Monster,2,5,4
40641,82,1,box,basketball hoop,3,2,2
40642,82,1,box,bowl,3,1,1
40643,82,1,box,drum,2,2,2
40644,82,1,box,fort,2,1,2
40645,82,1,box,hat,2,1,1
40646,82,1,box,hide out,2,1,2
40647,82,1,box,house,2,1,1
40648,82,1,box,mouse trap,2,2,2
40649,82,1,box,race car,2,2,2
40650,82,1,box,sled,2,1,1
40651,82,1,box,space ship,2,2,2
40652,82,1,box,space ship,2,2,2
40653,83,1,box,create a transformers type costume with more and paint and stuff,2,3,2
40654,83,1,box,cut up the sides and create masks,3,2,2
40655,83,1,box,make it into a car looking thing for a toddler to sit in,2,2,2
40656,83,1,box,spray paint it silver and make it a robot head for a costume,2,2,2
40657,83,1,box,use it for target practice with archery,3,3,2
40658,83,1,box,use it to trap an animal,2,2,2
40659,83,1,box,use them as boxing gloves get it  ,3,3,3
40660,84,1,box,Taking a   cut up into unusual shapes  then use them as clothing,2,2,2
40661,84,1,box,Taking the and replacing items in your house such as a table,2,1,1
40662,84,1,box,Using a as a hat,2,1,1
40663,85,1,box,hide a midges for a scary Halloween prank,2,3,3
40664,85,1,box,make a robot,2,2,2
40665,85,1,box,our all the different brands of cereal in it  then eat them all,3,3,2
40666,85,1,box,place all my homework in it and then burn it,2,3,2
40667,85,1,box,Use it as a fort,2,1,2
40668,86,1,box,hide yourselves,2,1,2
40669,86,1,box,hold items,1,1,1
40670,86,1,box,house actions and dolls,2,2,2
40671,86,1,box,make small buildings for fun,2,2,2
40672,86,1,box,put on head,2,1,1
40673,86,1,box,ride down a snowy or wet hill,2,1,1
40674,86,1,box,tear apart to make shapes,2,2,2
40675,87,1,box,animal trap,2,1,2
40676,87,1,box,break it down if it is cardboard and use it as a sled on a hill,2,1,1
40677,87,1,box,home for a person without one,2,1,1
40678,87,1,box,place to keep a pet,2,1,2
40679,87,1,box,rocket ship for a child,2,2,2
40680,87,1,box,shield,2,2,2
40681,87,1,box,storage,1,1,1
40682,87,1,box,use as a seat,2,1,1
40683,88,1,box,a can be an anger management tool  when you feel angry just take it out on the ,2,3,3
40684,88,1,box,On a day of bad weather and you happen to not have an umbrella you can use a to cover your head,3,2,1
40685,88,1,box,The can be used as covers for your shoes on a day with bad weather,4,3,2
40686,88,1,box,You can cut the up into strips and use them as bookmarks,4,4,3
40687,89,1,box,a shield against zombies,3,3,2
40688,89,1,box,a snow sled,2,1,1
40689,89,1,box,a soccer goal,3,2,2
40690,89,1,box,a table,2,1,1
40691,89,1,box,a television,2,1,2
40692,89,1,box,a weapon in a wrestling match,2,2,2
40693,91,1,box,club house,2,1,2
40694,91,1,box,foot stool,2,1,1
40695,91,1,box,lay them across and sleep on them,2,1,1
40696,91,1,box,roll in it down a hill,2,1,1
40697,91,1,box,stack,2,1,1
40698,91,1,box,stack up to create stairs to high shelf,4,2,1
40699,91,1,box,use it for jump up drills,2,2,2
40700,92,1,box,armor,3,2,2
40701,92,1,box,art,2,1,1
40702,92,1,box,center piece,2,2,2
40703,92,1,box,chair,2,1,1
40704,92,1,box,clothing,2,1,1
40705,92,1,box,dinning room table,2,1,1
40706,92,1,box,flower pot,3,2,2
40707,92,1,box,house,2,1,1
40708,92,1,box,lamp,2,2,2
40709,92,1,box,seat,2,1,1
40710,92,1,box,chandelier,1,2,2
40711,92,1,box,shield,2,1,2
40712,92,1,box,shelter,2,1,1
40713,92,1,box,slide,2,1,2
40714,92,1,box,surf board,3,3,2
40715,92,1,box,table,2,1,1
40716,93,1,box,As a shape shifter,1,3,2
40717,93,1,box,The can transport anything inside,1,1,1
40718,93,1,box,The is a gateway to Narnia,4,4,2
40719,93,1,box,The plays music related to your mood,2,3,1
40720,94,1,box,bath tub,2,2,2
40721,94,1,box,book bag,3,1,2
40722,94,1,box,car,2,1,2
40723,94,1,box,carry it everywhere you go,2,1,1
40724,94,1,box,computer,2,1,1
40725,94,1,box,condom,3,2,2
40726,94,1,box,desk,2,1,1
40727,94,1,box,dog house,2,1,2
40728,94,1,box,hat,2,1,1
40729,94,1,box,phone,1,1,2
40730,94,1,box,plate,2,2,1
40731,94,1,box,pretend it is your pet,2,1,2
40732,94,1,box,school,1,1,1
40733,94,1,box,shoe,2,1,1
40734,94,1,box,sink,2,1,2
40735,94,1,box,spaceship,2,2,2
40736,94,1,box,table,2,1,1
40737,94,1,box,tie the to a string and walk it like a dog,3,3,3
40738,94,1,box,toilet,2,2,2
40739,94,1,box,tv screen,1,1,2
40740,94,1,box,where it as your outfit to a club,2,3,2
40741,95,1,box,animal mating pen,2,3,2
40742,95,1,box,baby holder,2,2,2
40743,95,1,box,drug transport,2,1,1
40744,96,1,box,Cut the up and make paintings on the different pieces,2,2,2
40745,96,1,box,Hiding place,2,1,2
40746,96,1,box,Put rocks in the bottom of the and then use it to stick your makeup brushes in,3,3,3
40747,96,1,box,Shadow to hang on your wall,2,3,2
40748,96,1,box,Use the as a quiet place and put it over your head when things get too overwhelming,5,4,4
40749,96,1,box,Use to put pencils  hairbows  or any type of accessory or supply in,1,2,1
40750,97,1,box,a chair,2,1,1
40751,97,1,box,a hat,2,1,1
40752,97,1,box,a place to hold my books,1,1,1
40753,97,1,box,a trash can,2,1,1
40754,97,1,box,laundry basket,3,2,1
40755,97,1,box,to beat up when you are mad,2,2,2
40756,97,1,box,to build a fort,2,1,2
40757,97,1,box,to carry your groceries in,1,1,1
40758,97,1,box,to jump on,2,1,2
40759,97,1,box,to paint when you are feeling inspired,2,2,1
40760,97,1,box,to rip up,2,1,2
40761,97,1,box,to sit in,2,1,1
40762,97,1,box,to wear as an outfit,2,1,2
40763,98,1,box,adding salt into food,4,1,2
40764,98,1,box,cell phone,1,1,1
40765,98,1,box,drunk people,1,1,1
40766,98,1,box,falling over,1,1,2
40767,98,1,box,glue,1,1,2
40768,98,1,box,horn,2,2,2
40769,98,1,box,hot sauce,1,1,3
40770,98,1,box,lies,1,1,1
40771,98,1,box,locks,1,2,3
40772,98,1,box,mask,2,2,2
40773,98,1,box,pranks,1,1,1
40774,98,1,box,retards,1,1,1
40775,98,1,box,snow,1,1,1
40776,98,1,box,tape,1,2,1
40777,98,1,box,water,1,1,1
40779,100,1,box,basketball goal,3,2,2
40780,100,1,box,bowl,3,1,1
40781,100,1,box,castle,2,2,2
40782,100,1,box,drum,2,2,2
40783,100,1,box,hat,2,1,1
40784,100,1,box,hiding place,2,1,2
40785,100,1,box,house,2,1,1
40786,100,1,box,shoe,2,1,1
40787,100,1,box,soccer goal/net,2,2,2
40788,100,1,box,storage,1,1,1
40789,100,1,box,umbrella,2,3,1
40790,101,1,box,dice,3,2,3
40791,101,1,box,fridge,3,2,2
40792,101,1,box,tv  side table  a house,2,1,1
40793,102,1,box,boat,2,1,2
40794,102,1,box,cutting head and arm holes,2,2,2
40795,102,1,box,fill with pillows and jump inside,2,3,2
40796,102,1,box,fort,2,1,2
40797,102,1,box,robot,2,2,2
40798,102,1,box,something to sit on,2,1,1
40799,102,1,box,table,2,1,1
40800,103,1,box,You can make a dollhouse out of them by taking the 1 and cutting it up to make furniture and an additional for the home itself,2,2,2
40801,103,1,box,You could cut up a to make something else that is interesting  like a model of a house or something geometric and decorative,2,3,2
40802,103,1,box,You could take a bunch of and line them up to make your own furniture,2,3,1
40803,103,1,box,You could take some to make a cat house I have actually done this myself works really well,2,2,2
40804,104,1,box,chair,2,1,1
40805,104,1,box,drum,2,2,2
40806,104,1,box,shelter,2,1,1
40807,104,1,box,sled,2,1,1
40808,104,1,box,table top,2,1,1
40809,104,1,box,umbrella,2,3,1
40810,105,1,box,Animal Play,2,1,2
40811,105,1,box,Fort,2,1,2
40812,105,1,box,Hobo House,2,1,1
40813,105,1,box,Play house,2,1,2
40814,105,1,box,poster board,3,1,1
40815,105,1,box,Rocket ship,2,2,2
40816,105,1,box,Sled,2,1,1
40817,105,1,box,Table,2,1,1
40818,106,1,box,cut it up and use it for parts to build replicas of different things,2,2,2
40819,106,1,box,fold it so it resembles a baseball bat and use it to hit with,5,3,3
40820,106,1,box,Make it into a hat,2,1,1
40821,106,1,box,Use it as a shelter,2,1,1
40822,106,1,box,Use it as a sled for snow,2,1,1
40823,106,1,box,use it for apple bobbing,4,4,2
40824,106,1,box,use it for planting,2,2,2
40825,106,1,box,use it to make a sand castle,3,3,2
40826,107,1,box,Animal Holder,2,1,2
40827,107,1,box,Ballet Box,1,2,2
40828,107,1,box,Bird holder,2,2,2
40829,107,1,box,Bottom level of a house,2,1,2
40830,107,1,box,Container,1,1,1
40831,107,1,box,dance floor,2,2,2
40832,107,1,box,Diorama presentation,1,2,2
40833,107,1,box,garbage can,2,1,1
40834,107,1,box,Halloween costume,2,1,2
40835,107,1,box,Note,1,1,1
40836,107,1,box,pretend microwave,3,2,2
40837,107,1,box,Rabbit trap,2,2,2
40838,107,1,box,sand holder,1,2,1
40839,107,1,box,Spaceship,2,2,2
40840,108,1,box,A ship going on a voyage,3,2,2
40841,108,1,box,a two tower shelf,2,1,2
40842,108,1,box,holding stuffed animals,1,2,1
40843,108,1,box,jail room,2,2,2
40844,108,1,box,painted for a robot costume,2,2,2
40845,108,1,box,shipping objects,1,1,1
40846,108,1,box,used a  shooting target,2,2,1
40847,108,1,box,using it as a sled during snow,2,1,1
40848,108,1,box,work hat,2,2,3
40849,109,1,box,art project/personalized storage unit,1,1,1
40850,109,1,box,musical instrument,2,2,2
40851,109,1,box,play fort for children,2,1,2
40852,109,1,box,protection on parts of sensitive flooring,4,2,1
40853,110,1,box,floor mat,2,2,1
40854,110,1,box,home,2,1,1
40855,110,1,box,Playhouse for kids,2,2,2
40856,110,1,box,poster board,3,1,1
40858,110,1,box,puppet show display,2,2,2
40859,110,1,box,shoe holder on the wall for decorative scenery,2,1,1
40860,111,1,box,boat,2,1,2
40861,111,1,box,brace,3,1,1
40862,111,1,box,bridge,2,2,2
40863,111,1,box,envelope,3,1,1
40864,111,1,box,exercise equipment,3,1,2
40865,111,1,box,hammer,2,1,3
40866,111,1,box,house,2,1,1
40867,111,1,box,joust,2,2,3
40868,111,1,box,oars,5,3,2
40869,111,1,box,pole,1,1,2
40870,111,1,box,ruler,3,2,2
40871,111,1,box,shirt,2,2,2
40872,111,1,box,stepping stool,3,1,1
40873,111,1,box,wheel,3,2,1
40874,111,1,box,wings,2,2,2
40875,112,1,box,a boat,2,1,2
40876,112,1,box,a dog house,2,1,2
40877,112,1,box,a hat,2,1,1
40878,112,1,box,a recycling bin,2,1,1
40879,112,1,box,a table,2,1,1
40880,112,1,box,exercise equipment,3,1,2
40881,112,1,box,to build,2,1,1
40882,112,1,box,to store items,1,1,1
40883,113,1,box,canvas,2,2,1
40884,113,1,box,desk,2,1,1
40885,113,1,box,fort,2,1,2
40886,113,1,box,hiding place,2,1,2
40887,113,1,box,racecar,2,2,2
40888,113,1,box,really small can be used as a finger puppet costume,5,3,3
40889,113,1,box,use to cover your head and a device to watch a tv show or movie without sun or light glare on the screen,3,3,3
40890,114,1,box,cat house,2,1,2
40891,114,1,box,fort,2,1,2
40892,114,1,box,hat,2,1,1
40893,114,1,box,organizer,1,1,1
40894,114,1,box,play house,2,1,2
40895,115,1,box,draw a picture on it,2,2,1
40896,115,1,box,driving a car,1,1,2
40897,115,1,box,make a kite out of it,3,4,2
40898,115,1,box,make a mask out of it,3,2,2
40899,115,1,box,make a shield out of it,2,2,2
40900,115,1,box,make a sword out of it,2,2,2
40901,115,1,box,making a castle,2,2,2
40902,115,1,box,making a fort,2,1,2
40903,115,1,box,use it as a sign,2,2,1
40904,115,1,box,use it as a sled for sledding,2,1,1
40905,115,1,box,use it as a wrestling mat,3,2,2
40906,115,1,box,use it to clean yourself when you go to the bathroom,3,2,3
40907,116,1,box,armor,3,2,2
40908,116,1,box,fire fodder,2,1,2
40909,116,1,box,flimsy wings,2,3,2
40910,116,1,box,horrible boat,3,2,2
40911,116,1,box,improvised sled,2,1,1
40912,116,1,box,life sized Jenga,4,3,4
40913,116,1,box,playhouse,2,1,2
40914,116,1,box,sign,2,1,1
40915,116,1,box,spaceship for kids,2,2,2
40916,117,1,box,club house,2,1,2
40917,117,1,box,hat,2,1,1
40918,117,1,box,keyboard,2,1,2
40919,117,1,box,necklace,2,2,2
40920,117,1,box,prom dress,2,2,3
40921,117,1,box,shade,3,2,2
40922,117,1,box,storage,1,1,1
40923,117,1,box,table covering,2,1,1
40924,117,1,box,underwear,2,2,2
40925,118,1,box,build a fort,2,1,2
40926,118,1,box,connect and make tunnels all around the house,4,4,3
40927,118,1,box,drag my nephew around in it,2,2,2
40928,118,1,box,paint it and use it as decor,2,2,1
40929,118,1,box,Try to make somebody break out of it without any help,2,3,2
40930,119,1,box,climbing,2,1,1
40931,119,1,box,costumes,2,1,2
40932,119,1,box,hiding,2,1,2
40933,119,1,box,making a fort,2,1,2
40934,119,1,box,painting  art projects  etc.,2,2,1
40935,119,1,box,Paper weight,2,1,2
40936,119,1,box,sled,2,1,1
40937,121,1,box,a cardboard fort,2,1,2
40938,121,1,box,cut it into pieces and make a miniature city,3,3,2
40939,121,1,box,cut it up into different shapes and make it into a collage,2,2,2
40940,121,1,box,wear it as a hat,2,2,1
40941,122,1,box,bed,2,1,1
40942,122,1,box,bookbag,3,1,2
40943,122,1,box,clown car,2,3,3
40944,122,1,box,coat,3,1,2
40945,122,1,box,computer screen,2,1,1
40946,122,1,box,condom,3,2,2
40947,122,1,box,dick,1,1,2
40948,122,1,box,drum kit,3,2,2
40949,122,1,box,filing cabinet,1,3,1
40950,122,1,box,hat,2,1,1
40951,122,1,box,hat,2,1,1
40952,122,1,box,hat,2,1,1
40953,122,1,box,pillow,2,2,2
40954,122,1,box,shoes,2,1,1
40955,122,1,box,table,2,1,1
40956,122,1,box,tv,2,1,2
40957,122,1,box,whoop,1,1,1
40958,123,1,box,amphibian habitat,2,1,2
40959,123,1,box,Crib,2,2,2
40960,123,1,box,dust pan,5,3,1
40961,123,1,box,fire truck,2,1,2
40962,123,1,box,Halloween costume,2,1,2
40963,123,1,box,home,2,1,1
40964,123,1,box,House,2,1,1
40965,123,1,box,litter,3,1,2
40966,123,1,box,nursing area dogs,2,2,2
40967,123,1,box,seat,2,1,1
40968,123,1,box,Tent/fort,2,2,2
40969,123,1,box,to hold things,1,1,1
40970,123,1,box,to mail things,1,1,1
40971,123,1,box,wallpaper,3,3,3
40972,124,1,box,animal habitat,2,1,2
40973,124,1,box,chair,2,1,1
40974,124,1,box,Costume,2,1,2
40975,124,1,box,fort,2,1,2
40976,124,1,box,sled,2,1,1
40977,124,1,box,stool,3,1,1
40978,124,1,box,table,2,1,1
40979,126,1,box,bed,2,1,1
40980,126,1,box,fort,2,1,2
40981,126,1,box,hat,2,1,1
40982,126,1,box,hiding spot,2,1,2
40983,126,1,box,home,2,1,1
40984,126,1,box,jail,2,2,2
40985,126,1,box,kick it,2,1,2
40986,126,1,box,padding,3,2,2
40987,126,1,box,shield,2,2,2
40988,126,1,box,smash it,2,1,1
40989,126,1,box,storage,1,1,1
40990,126,1,box,throw it,2,1,2
40991,126,1,box,weapon,1,1,1
40992,128,1,box,you can use the as a diagram for an arrangement of stars by poking holes where the stars should line up then sit inside of it at night when the stars are out,5,4,5
40993,129,1,box,barbie house,2,2,2
40994,129,1,box,bed,2,1,1
40995,129,1,box,chair,2,1,1
40996,129,1,box,clothing,2,1,1
40997,129,1,box,coffee table,2,1,1
40998,129,1,box,couch,2,1,1
40999,129,1,box,house,2,1,1
41000,129,1,box,stool,3,1,1
41001,129,1,box,toy car,2,2,2
41002,129,1,box,window,2,1,2
41003,130,1,box,to build a fort with,2,1,2
41004,130,1,box,to climb a tree with,2,1,2
41005,130,1,box,to have sex in,2,1,2
41006,130,1,box,to hide in,2,1,2
41007,130,1,box,to hit someone with,2,1,2
41008,130,1,box,to jump off,2,1,2
41009,130,1,box,to masturbate in,2,1,2
41010,130,1,box,to pee in,2,1,2
41011,130,1,box,to put fruit in,1,1,1
41012,130,1,box,to read the labels on,2,1,2
41013,130,1,box,to save someone from danger,2,2,2
41014,130,1,box,to sit on,2,1,1
41015,130,1,box,to sleep in,2,1,1
41016,130,1,box,to store dead people,2,2,2
41017,130,1,box,to store things,1,1,1
41018,130,1,box,to travel to new places,2,2,3
41019,130,1,box,to use as a pillow,2,2,2
41020,130,1,box,to yell in,3,2,3
41021,131,1,box,fill people's recycling bins with them,1,1,1
41022,131,1,box,KITTENS,2,1,2
41023,131,1,box,rocket ship,2,2,2
41024,131,1,box,see how far it can be kicked,2,1,2
41025,131,1,box,SpongeBob pants,4,3,3
41026,132,1,box,bed,2,1,1
41027,132,1,box,book bag,3,1,2
41028,132,1,box,chair,2,1,1
41029,132,1,box,hat,2,1,1
41030,132,1,box,home,2,1,1
41031,132,1,box,lunch,2,2,1
41032,132,1,box,shoes,2,1,1
41033,134,1,box,art pad,3,2,1
41034,134,1,box,best friend,2,1,3
41035,134,1,box,entertainment system,2,1,1
41037,134,1,box,pet,2,1,2
41038,134,1,box,shirt,2,1,2
41039,134,1,box,shoe,2,1,1
41040,134,1,box,transportation,2,2,1
41041,134,1,box,underwear,2,2,2
41042,134,1,box,Wiig board,3,4,2
41043,135,1,box,bathtub,2,2,2
41044,135,1,box,bed,2,1,1
41045,135,1,box,bin,1,1,1
41046,135,1,box,cap,1,1,1
41047,135,1,box,couch,2,1,1
41048,135,1,box,hangout spot,2,1,2
41049,135,1,box,hat,2,1,1
41050,135,1,box,sled,2,1,1
41051,136,1,box,color on it,2,1,1
41052,136,1,box,hang it from a tree with snacks in it,2,3,3
41053,136,1,box,hide stuff,1,1,2
41054,136,1,box,make shoes,2,1,1
41055,136,1,box,paint on it,2,1,1
41056,136,1,box,play basketball with it,3,2,2
41057,136,1,box,play soccer with it,2,2,2
41058,136,1,box,put a puppy in it,2,1,2
41059,136,1,box,see many marshmallows will fit in it,2,1,2
41060,136,1,box,throw it at people,2,1,2
41061,136,1,box,throw up in it,2,1,2
41062,136,1,box,to put on my head,2,1,2
41063,136,1,box,to put things in,1,1,1
41064,136,1,box,wrap it in wrapping paper,1,1,1
41065,137,1,box,Bed,2,1,1
41066,137,1,box,Car,2,1,2
41067,137,1,box,Castle,2,2,2
41068,137,1,box,chandelier,3,2,2
41069,137,1,box,House,2,1,1
41070,137,1,box,Outfit,1,2,2
41071,137,1,box,Play pen,2,1,2
41072,137,1,box,Shoe,2,1,1
41073,137,1,box,Step Stool,3,1,1
41074,137,1,box,Television set,2,1,2
41075,137,1,box,Toy Car,2,2,2
41076,137,1,box,Weapon,1,1,1
41077,138,1,box,a chainsaw,2,2,2
41078,138,1,box,a pen,1,1,2
41079,138,1,box,a playground,2,2,2
41080,138,1,box,bicycle,2,1,2
41081,138,1,box,book bag,3,1,2
41082,138,1,box,clothing,2,1,1
41083,138,1,box,computer,2,1,1
41084,138,1,box,food,2,1,2
41085,138,1,box,pillow,2,2,2
41086,138,1,box,racecar,2,2,2
41087,138,1,box,seatbelt,1,2,2
41088,138,1,box,shoes,2,1,1
41089,139,1,box,Bed,2,1,1
41090,139,1,box,Car Seat,3,1,2
41091,139,1,box,Curtain,3,3,3
41092,139,1,box,Eye Glasses Holder,1,2,1
41093,139,1,box,Shoe,2,1,1
41094,140,1,box,lay it across a puddle to walk on,4,2,1
41095,140,1,box,make it into a flower bed,2,2,2
41096,140,1,box,unfold it and use it to draw on,2,2,1
41097,140,1,box,unfold it stand inside and act like its a space ship,2,3,2
41098,140,1,box,use it to have a picnic on,3,3,2
41099,141,1,box,create a play house,2,1,2
41100,141,1,box,eat in a,2,1,1
41101,141,1,box,family time in a,1,2,2
41102,141,1,box,get dressed,2,1,2
41103,141,1,box,hang out in a,1,1,2
41104,141,1,box,magic show,2,2,2
41105,141,1,box,puppet show,2,2,2
41106,141,1,box,sleep,2,1,1
41107,141,1,box,sleep,2,1,1
41108,141,1,box,sleep in a,2,1,1
41109,141,1,box,us it as a trash can,2,2,1
41110,141,1,box,You can hide in,2,1,2
41111,142,1,box,Capturing a bug,1,1,2
41112,142,1,box,Creating a fort,2,1,2
41113,142,1,box,Moving your stuff to a new place,1,1,1
41114,142,1,box,Organizing Papers,1,1,1
41115,142,1,box,Wrapping a present,1,1,1
41116,143,1,box,bring it to a crowded area  stand on top of it and give some sort of performance maybe sing or recite a poem,2,3,2
41117,143,1,box,Fasten straps to two sides of it  decorate it and wear it as a hat,2,3,1
41118,143,1,box,If it is a cardboard  unfold it and make it into a figure/cardboard sculpture,2,2,2
41119,146,1,box,cutout and make it into a kissing booth,3,4,4
41120,146,1,box,depending on size  use it as a homeless shelter,2,1,1
41121,146,1,box,fill it up with infinite smaller to make a Russian doll figure,2,5,4
41122,146,1,box,make it waterproof and make a small aquarium,4,4,2
41123,146,1,box,small little furnished room for small pets,3,3,2
41124,146,1,box,table service to play dice,2,2,1
41125,146,1,box,turn it into a pinata,3,1,3
41126,146,1,box,unfold and use it as a breakdance ground,2,2,2
41127,147,1,box,As a portable home You can fold it up when you want to move and it is light enough to carry and sturdy enough for shelter,3,2,2
41128,147,1,box,As a shoe Very sturdy Keeps your feet safe enough from harm and cheap enough so you will have plenty,3,1,2
41129,147,1,box,As a window in your car,3,2,1
41130,148,1,box,A basketball hoop,3,2,2
41131,148,1,box,a boat,2,1,2
41132,148,1,box,A fort,2,1,2
41133,148,1,box,A house,2,1,1
41134,148,1,box,A soccer goal,3,2,2
41135,148,1,box,A target,3,1,2
41136,148,1,box,Storing stuff,1,1,1
41137,148,1,box,use it to stand,1,1,1
41138,149,1,box,as a dog house,2,1,2
41139,149,1,box,as a table,2,1,1
41140,149,1,box,as resistance for when open on one end and running,5,1,2
41141,149,1,box,hide inside of,2,1,2
41142,149,1,box,tear it up to make a collage,2,3,2
41143,149,1,box,throw it around with friends,2,1,2
41144,150,1,box,add wheels for clown car,3,2,2
41145,150,1,box,cat house,2,1,2
41146,150,1,box,hat,2,1,1
41147,150,1,box,hippie purse recycled,3,4,3
41148,151,1,box,capture a raccoon,1,1,2
41149,151,1,box,put it over your head for shade,3,2,1
41150,151,1,box,tape it to your feet if your in a situation where you don't have shoes,2,2,2
41151,151,1,box,to set items on like a table,2,1,1
41152,151,1,box,use it as fuel to start a fire,3,2,2
41153,151,1,box,use it to float on water like a cardboard boat,2,2,2
41154,152,1,box,a baby bed,3,1,2
41155,152,1,box,a bird house,2,3,2
41156,152,1,box,a cat house,2,1,2
41157,152,1,box,a lamp shade,4,3,2
41158,152,1,box,a mask,3,2,2
41159,153,1,box,burn it for light or warmth,3,1,2
41160,153,1,box,Fort,2,1,2
41161,153,1,box,personal movie theater if you cut out a hole for your phone,3,3,2
41162,153,1,box,place to keep small animals,2,1,2
41163,153,1,box,sailboat,2,2,2
41164,153,1,box,shelf,2,1,2
41165,153,1,box,shirt or pants,2,2,2
41166,153,1,box,shred it for confetti,5,4,1
41167,153,1,box,sound amplifier,2,3,2
41168,153,1,box,step stool,3,1,1
41169,153,1,box,umbrella,2,3,1
41170,154,1,box,A barrier,3,1,2
41171,154,1,box,A bed,2,1,2
41172,154,1,box,A feet rest,2,1,1
41173,154,1,box,A fort,2,1,2
41174,154,1,box,A house,2,1,1
41175,154,1,box,A sled,2,1,1
41176,154,1,box,A table,2,1,1
41177,155,1,box,to build a fort,2,1,2
41178,155,1,box,to build a playhouse,2,1,2
41179,155,1,box,to hide an animal in,2,1,2
41180,155,1,box,To jump out of and surprise someone,2,2,2
41181,155,1,box,To make a head,2,2,2
41182,155,1,box,To make crafts with,2,2,1
41183,155,1,box,To pull pranks on people with,2,1,2
41184,155,1,box,To rest your feet on,2,2,2
41185,155,1,box,to sit in,2,1,1
41186,155,1,box,to sit on,2,1,1
41187,155,1,box,to use for drums,2,2,2
41188,156,1,box,Building a fort,2,1,2
41189,156,1,box,Impromptu kitty litter,3,2,2
41190,157,1,box,a boat,2,1,2
41191,157,1,box,a car,2,1,2
41192,157,1,box,a cave,3,2,3
41193,157,1,box,A home,2,1,1
41194,157,1,box,a race car,1,1,2
41195,157,1,box,a shelter,2,1,1
41196,157,1,box,a table,2,1,1
41197,157,1,box,clubhouse,2,1,2
41198,157,1,box,spaceship,2,2,2
41199,157,1,box,storage,1,1,1
41200,157,1,box,store,1,1,1
50001,1,2,rope,necklace,2,1,2
50002,1,2,rope,sculpture,2,2,2
50003,1,2,rope,used as pasta in a children's play,3,3,2
50004,1,2,rope,weave,2,2,2
50005,2,2,rope,climbing up trees  or other things,2,1,1
50006,2,2,rope,dangling something from a that has weight,1,1,1
50007,2,2,rope,exercising,2,1,1
50008,2,2,rope,hang someone,2,1,1
50009,2,2,rope,letting the be the and not mess with it,1,2,2
50010,2,2,rope,pulling an item with the,1,1,1
50011,2,2,rope,throwing a to reach something,1,2,1
50012,2,2,rope,trip someone,2,1,1
50014,3,2,rope,to hang thyself with,2,3,1
50015,3,2,rope,to hold in your hand as you walk down the aisle,2,3,2
50016,3,2,rope,to tie things together with it,1,1,1
50017,3,2,rope,to use it to hang up precious pictures of your 67 cats,3,5,5
50018,3,2,rope,to use to drag the small child you are supposed to be watching over around in the yard,2,3,4
50019,3,2,rope,to use to play with your dinosaur,2,2,3
50020,3,2,rope,to use to play with your dog,2,1,1
50021,3,2,rope,to use to play with your spider,2,2,2
50022,3,2,rope,to use to support your makeshift raft off the coast of France,3,3,4
50023,5,2,rope,cut into pieces for hair pieces for a little girl,3,3,2
50024,5,2,rope,playing a game called red rover,2,3,1
50025,5,2,rope,training a dog to jump,3,3,2
50026,5,2,rope,tug of war,1,1,1
50027,6,2,rope,play tug of war,1,1,1
50028,6,2,rope,use a makeshift handcuffs,2,2,1
50029,6,2,rope,use as a belt,2,1,1
50030,6,2,rope,use it to hold things together,1,1,1
50031,6,2,rope,use it to pull a car,2,1,1
50032,7,2,rope,a belt for dress up,2,1,1
50033,7,2,rope,jump,1,1,1
50034,7,2,rope,leash for stuffed animals,3,1,2
50035,7,2,rope,limbo,2,2,1
50036,7,2,rope,playing in a rodeo,2,1,1
50037,7,2,rope,pretend to be a gymnast  and use as a balance beam,3,3,2
50038,7,2,rope,scarf for dress up,3,2,2
50039,7,2,rope,tug war,1,1,1
50040,7,2,rope,tying yourself to another person,1,1,1
50041,8,2,rope,tie it to a  box and pull some one around,1,1,1
50042,9,2,rope,booby traps,2,2,1
50043,9,2,rope,jump,1,1,1
50044,9,2,rope,make a birds nest,5,3,2
50045,9,2,rope,making a fishing net,2,2,1
50046,9,2,rope,making a hammock,1,2,2
50047,9,2,rope,making a whip,2,1,1
50048,9,2,rope,making it look like a snake to scare people,2,2,2
50049,9,2,rope,placing it on a high tree and climbing it,2,1,1
50050,9,2,rope,playing helicopter,1,3,1
50051,9,2,rope,swing,2,1,1
50052,9,2,rope,Tarzan,1,1,2
50053,10,2,rope,ankle bracelet,2,2,2
50054,10,2,rope,belt,2,1,1
50055,10,2,rope,bow tie,3,2,2
50056,10,2,rope,bracelet,2,1,2
50057,10,2,rope,head band,2,1,2
50058,10,2,rope,jump,1,1,1
50059,10,2,rope,lasso,2,1,1
50060,10,2,rope,necklace,2,1,2
50061,10,2,rope,shirt,1,1,1
50062,10,2,rope,to tie someone up,2,1,1
50063,10,2,rope,weapon,1,1,1
50064,11,2,rope,as a border for a table,4,2,2
50065,11,2,rope,As a play toy for a cat,2,2,1
50066,11,2,rope,As a way to hang a scary figure in a closet on Halloween,2,3,3
50067,11,2,rope,Make it into a purse or hat,1,2,2
50068,12,2,rope,bag strap,3,2,1
50069,12,2,rope,bracelet,2,1,2
50070,12,2,rope,braided into wall art,3,2,2
50071,12,2,rope,curtain tie,2,2,2
50072,12,2,rope,decorating,1,1,1
50073,12,2,rope,dog leash,2,1,1
50074,12,2,rope,fishing,2,1,1
50075,12,2,rope,fringe the ends for cute tassels,3,3,2
50076,12,2,rope,hair bow,2,1,2
50077,12,2,rope,hang tire,2,1,1
50078,12,2,rope,making vases,3,3,2
50079,12,2,rope,necklace,2,1,2
50080,12,2,rope,picture hanger,2,2,2
50081,12,2,rope,pig leash,2,1,2
50082,12,2,rope,pull a wagon,3,1,1
50083,12,2,rope,restraint,2,1,1
50084,12,2,rope,ring,2,2,2
50085,12,2,rope,tool to learn how to braid,2,3,2
50086,13,2,rope,A bad hair piece,5,3,3
50087,13,2,rope,A stylish belt,2,1,1
50088,13,2,rope,An arm or leg accessory,1,1,1
50089,13,2,rope,Putting it around a cup like a coozy,5,3,2
50090,14,2,rope,anchoring objects to each  other,1,1,1
50091,14,2,rope,jump,1,1,1
50092,14,2,rope,leash,2,1,1
50093,14,2,rope,measuring,3,2,2
50094,14,2,rope,pendulum,3,3,2
50095,14,2,rope,pet snake,2,1,2
50096,14,2,rope,pulley,1,1,1
50097,14,2,rope,swing,2,1,1
50098,14,2,rope,traps,2,1,1
50099,14,2,rope,tug of war,1,1,1
50100,14,2,rope,whip,2,1,1
50101,15,2,rope,awful whip,3,1,1
50102,15,2,rope,Frey it  then tickle strangers,3,4,3
50103,15,2,rope,if I ever need to get out of a high floor of a building  I could zipline with it,3,2,1
50104,15,2,rope,jump,1,1,1
50105,15,2,rope,learn to lasso,2,1,1
50106,15,2,rope,thick shoestrings,2,1,1
50107,15,2,rope,tie myself to people I want to get to know better,4,3,3
50108,15,2,rope,tie things together,1,1,1
50109,17,2,rope,hair,2,1,2
50110,17,2,rope,jump,1,1,1
50111,17,2,rope,keychain,2,2,2
50112,17,2,rope,ladder,2,1,1
50113,17,2,rope,lasso,2,1,1
50114,17,2,rope,leash,2,1,1
50115,17,2,rope,noose,2,1,1
50116,17,2,rope,pulley,1,1,1
50117,17,2,rope,snake,2,1,2
50118,17,2,rope,tie,1,1,1
50119,18,2,rope,hair,2,1,2
50120,18,2,rope,jump,1,1,1
50121,18,2,rope,as a energy drink,1,2,1
50122,18,2,rope,as a ride to class,1,2,1
50123,18,2,rope,as an alarm clock,1,3,1
50124,18,2,rope,for hair,2,1,2
50125,18,2,rope,for tree,1,1,1
50126,18,2,rope,that will cook,1,1,1
50127,18,2,rope,that will wash clothes,3,2,1
50128,18,2,rope,to call people,2,1,1
50129,18,2,rope,to climb a bridge,2,1,1
50130,18,2,rope,to do my homework,1,1,1
50131,18,2,rope,to drive with,1,1,1
50132,18,2,rope,to fly in air,1,2,1
50133,18,2,rope,to polish my toenails,4,2,1
50134,18,2,rope,to pull things,1,1,1
50135,18,2,rope,to ride waves at the beach,1,3,1
50136,18,2,rope,to text others,1,2,1
50137,18,2,rope,to tie hair up,2,1,1
50138,18,2,rope,to turn the television channel,2,2,1
50139,18,2,rope,to type on the computer,1,1,1
50140,18,2,rope,to wash clothes,2,2,1
50141,18,2,rope,to write things down,1,2,2
50142,18,2,rope,tug war,1,1,1
50143,19,2,rope,a bowtie,3,2,2
50144,19,2,rope,a swing set in the bedroom,1,3,2
50145,19,2,rope,shoe lace,2,1,1
50146,19,2,rope,tear it to it smallest string and make a longer,3,1,2
50147,19,2,rope,to transport something from one distance to the next,2,1,1
50148,21,2,rope,blind fold someone,3,2,2
50149,21,2,rope,exercise tie legs together and move around,3,1,2
50150,21,2,rope,floss,3,2,4
50151,21,2,rope,grab items,2,1,1
50152,21,2,rope,hair bow,2,1,2
50153,21,2,rope,hair weave,2,2,2
50154,21,2,rope,pull a tooth,2,2,2
50155,21,2,rope,save a life,1,1,1
50156,21,2,rope,strap a sex partner down,2,1,2
50157,21,2,rope,whip someone,2,1,1
50158,22,2,rope,a braid,1,1,2
50159,22,2,rope,a burn it,2,1,2
50160,22,2,rope,a choker,2,1,2
50161,22,2,rope,a fake ponytail,3,3,2
50162,22,2,rope,a hair piece,2,1,2
50163,22,2,rope,a marker,3,2,1
50164,22,2,rope,a sex toy,2,1,2
50165,22,2,rope,a shoestring,2,1,2
50166,22,2,rope,a stick it in between your butt,2,1,3
50167,22,2,rope,a tease someone,1,2,2
50168,22,2,rope,fake underarm hair,4,4,5
50169,22,2,rope,to bite it,2,1,2
50170,22,2,rope,to catch stuff,1,1,1
50171,22,2,rope,to chew on it,2,1,2
50172,22,2,rope,to create a trap door,3,3,2
50173,22,2,rope,to diet,1,2,2
50174,22,2,rope,to leave a trail,3,2,2
50175,22,2,rope,to make more out of it,3,1,2
50176,22,2,rope,to pull stuff,1,1,1
50177,22,2,rope,to smack it with chalk,1,2,2
50178,22,2,rope,to tie things with it,1,1,1
50179,22,2,rope,to touch something that is out of reach,3,1,1
50180,22,2,rope,to whip someone with it,2,1,1
50181,23,2,rope,Practice your whip skills  like Indiana Jones,3,1,2
50182,23,2,rope,Pretend a is a snake,2,1,2
50183,23,2,rope,You can make a kite string from,2,3,1
50184,23,2,rope,You can make a swing out of some,2,1,1
50185,23,2,rope,You can make a wristband/necklace out of,2,1,2
50186,24,2,rope,arm or leg brace,4,2,2
50187,24,2,rope,bracelet,2,1,2
50188,24,2,rope,hair accessory,2,1,2
50189,24,2,rope,hitting the ground,1,1,1
50190,24,2,rope,jump,1,1,1
50191,24,2,rope,pulling a door open or shut,1,1,1
50192,24,2,rope,tying up books for school,1,2,1
50193,24,2,rope,using as a hat  head wrap,2,2,1
50194,24,2,rope,wearing as a belt,2,1,1
50195,24,2,rope,wrap around as clothes,3,1,2
50196,25,2,rope,as a belt,2,1,1
50197,25,2,rope,as decorations,2,1,1
50198,25,2,rope,ear rings,2,2,2
50199,25,2,rope,fashion,2,2,2
50200,25,2,rope,hair ties,2,1,2
50201,25,2,rope,head wear,2,1,2
50202,25,2,rope,rings,2,2,2
50203,25,2,rope,to make shoes,3,1,2
50204,25,2,rope,use as a dog leash,2,1,1
50205,25,2,rope,used for working out,2,1,1
50206,25,2,rope,used to be a fake tail,2,3,2
50207,25,2,rope,used to hang ear rings,2,3,2
50208,26,2,rope,belt,2,1,1
50209,26,2,rope,bracelet,2,1,2
50210,26,2,rope,clothes line,2,1,1
50211,26,2,rope,floss,3,2,4
50212,26,2,rope,jump,1,1,1
50213,26,2,rope,median,1,2,2
50214,26,2,rope,necklace,2,1,2
50215,26,2,rope,rock climbing,2,1,1
50216,26,2,rope,shoe lace,2,1,1
50217,26,2,rope,swing,2,1,1
50218,26,2,rope,trap,2,1,1
50219,26,2,rope,underwear,2,2,2
50220,27,2,rope,Building a swing,1,1,1
50221,27,2,rope,Jumping jacks,1,1,1
50222,27,2,rope,lasso,2,1,1
50223,27,2,rope,Mouse trap,3,3,2
50224,27,2,rope,Neck tie,3,2,2
50225,27,2,rope,Picking your nose,3,2,2
50226,27,2,rope,playing the violin,5,3,2
50227,27,2,rope,slingshot when the violin playing doesn't work out,4,3,4
50228,27,2,rope,Tie up a girl that wants it dirty in the bedroom,1,1,2
50229,27,2,rope,Tie up a little girl so she can not run away anymore,1,1,1
50230,27,2,rope,Tug of war,1,1,1
50231,28,2,rope,belt,2,1,1
50232,28,2,rope,bracelet,2,1,2
50233,28,2,rope,dog toy,2,1,1
50234,28,2,rope,lifesaver,2,1,1
50235,28,2,rope,necklace,2,1,2
50236,28,2,rope,restraint,2,1,1
50237,28,2,rope,shoestring,2,1,1
50238,28,2,rope,tool,1,1,1
50239,28,2,rope,weapon,1,1,1
50240,29,2,rope,cat scratcher,3,3,2
50241,29,2,rope,entertainment material play games with it,2,1,2
50242,29,2,rope,knitting supply,3,3,2
50243,29,2,rope,measurement material,3,2,2
50244,30,2,rope,a leash for the dog,2,1,1
50245,30,2,rope,climb a tree,2,1,1
50246,30,2,rope,climb out of house,2,1,1
50247,30,2,rope,jump,1,1,1
50248,30,2,rope,pretend you're a cowboy,2,2,1
50249,30,2,rope,swing like Tarzan,2,1,2
50250,30,2,rope,wear it as a belt,2,1,1
50251,31,2,rope,bed,2,1,2
50252,31,2,rope,book bag,1,2,1
50253,31,2,rope,cloth,4,1,2
50254,31,2,rope,computer or phone protector,2,3,2
50255,31,2,rope,exercise,2,1,1
50256,31,2,rope,flash drive,2,2,2
50257,31,2,rope,flying a kite,2,2,1
50258,31,2,rope,hair,2,1,2
50259,31,2,rope,jump,1,1,1
50260,31,2,rope,keyboard,1,2,1
50261,31,2,rope,ladder,2,1,1
50262,31,2,rope,make a dress,2,1,2
50263,31,2,rope,make ribbons,2,2,2
50264,31,2,rope,paper,3,1,2
50265,31,2,rope,pencils,1,2,2
50266,31,2,rope,pulling someone or something,1,1,1
50267,31,2,rope,scarf,3,2,2
50268,31,2,rope,tight people up,1,1,1
50269,32,2,rope,A belt,2,1,1
50270,32,2,rope,A form of handcuffs,2,1,1
50271,32,2,rope,A necklace,2,1,2
50272,32,2,rope,Hang someone,2,1,1
50273,32,2,rope,Jump roping,1,1,1
50274,32,2,rope,Pull a vehicle,2,1,1
50275,32,2,rope,Rodeo,2,1,1
50276,32,2,rope,Roping your rump,1,2,1
50277,32,2,rope,Telephone,2,1,2
50278,32,2,rope,Whip,2,1,1
50279,32,2,rope,Zip lining,2,1,1
50280,33,2,rope,You could use it for decoration  by maybe using it to frame a picture  or rap around some object,2,2,2
50281,34,2,rope,Attach feathers to it  tie it to a ceiling fan  and watch your cat go wild,5,5,2
50282,34,2,rope,Break it down to the individual fibers  and weave a piece of cloth,5,3,3
50283,34,2,rope,Bury it in the dirt or sand and pull it out to trip someone,3,2,2
50284,34,2,rope,Make a hula-hoop,3,3,2
50285,34,2,rope,Make a lasso,2,1,1
50286,34,2,rope,Scale a wall,2,1,1
50287,34,2,rope,Use it as a whip,2,1,1
50288,34,2,rope,Use it to measure the circumference of something,3,3,2
50289,34,2,rope,Use it to pull a rock or boulder over,2,1,1
50290,34,2,rope,Use it to shimmy up a tree,3,2,1
50291,34,2,rope,Use it to tickle someone,2,2,2
50292,34,2,rope,Wrap your forearms with for protection in martial combat,4,3,2
50293,35,2,rope,catching a horse,2,1,1
50294,35,2,rope,catching fish,3,1,1
50295,35,2,rope,choking,2,1,1
50296,35,2,rope,cut off circulation,2,1,2
50297,35,2,rope,handcuffs during sex,2,1,1
50298,35,2,rope,hanging ,2,1,1
50299,35,2,rope,kidnapping,2,1,1
50300,35,2,rope,mark starting points during a race,3,3,1
50301,35,2,rope,playing a game,1,1,1
50302,35,2,rope,pull someone,2,1,1
50303,35,2,rope,pull things back together,2,1,1
50304,35,2,rope,pulling someone,1,1,1
50305,35,2,rope,swinging,2,1,1
50306,35,2,rope,tie hands and feet during sex  trap,1,1,2
50307,35,2,rope,to measure a pregnant belly,3,3,4
50308,35,2,rope,to measure height,3,2,2
50309,35,2,rope,to measure width,2,2,2
50310,35,2,rope,tree houses,1,2,1
50311,36,2,rope,dog,1,1,1
50312,36,2,rope,latter,1,1,1
50313,36,2,rope,pull,2,1,1
50314,36,2,rope,swing,2,1,1
50315,36,2,rope,tie,1,1,1
50316,36,2,rope,tug of war,1,1,1
50317,37,2,rope,build bridge,2,2,2
50318,37,2,rope,drag things,2,1,1
50319,37,2,rope,hold things,1,1,1
50320,37,2,rope,hold things together,1,1,1
50321,37,2,rope,holding things,1,1,1
50322,37,2,rope,jumping,1,1,1
50323,37,2,rope,pulling,1,1,1
50324,37,2,rope,pulling,1,1,1
50325,37,2,rope,swinging,2,1,1
50326,37,2,rope,to climb things,2,1,1
50327,37,2,rope,travel,1,1,1
50328,37,2,rope,tying,1,1,1
50329,37,2,rope,walk on,2,1,1
50330,38,2,rope,for your mom,2,1,1
50331,38,2,rope,I could use it as a lasso and not have to get out of my chair,3,3,2
50332,38,2,rope,kinky sex,2,2,2
50333,38,2,rope,maybe a prank,1,2,1
50334,38,2,rope,maybe use it to climb my way out of class,3,3,2
50335,38,2,rope,on my friends mom to keep her in control,2,3,2
50336,38,2,rope,possibly the leash that I am on,4,1,2
50337,38,2,rope,to have my girlfriend tie me down with,1,3,2
50338,39,2,rope,a animal leash,2,1,1
50339,39,2,rope,play jump the creek,1,2,1
50340,39,2,rope,use it as a harness to climb something like a tree,3,1,1
50341,39,2,rope,use it as a swing,2,1,1
50342,40,2,rope,a Long to trip someone,2,1,1
50343,40,2,rope,A tied to a helicopter  which would be over a building and you be able to walk sideways on the 4 walls of the building,3,4,3
50344,40,2,rope,Tie a lot of bulls together in order to pull a mobile home,2,5,1
50345,42,2,rope,belt,2,1,1
50346,42,2,rope,drag something,2,1,1
50347,42,2,rope,fake tail,2,2,2
50348,42,2,rope,hair,2,1,2
50349,42,2,rope,hold down something while riding,2,1,1
50350,42,2,rope,net,2,1,1
50351,42,2,rope,shoe laces,2,1,1
50352,42,2,rope,whip,2,1,1
50353,43,2,rope,you can tie it to things and pull them around,2,1,1
50354,43,2,rope,you can use it to measure curved objects,3,2,2
50355,43,2,rope,you can use it to trace certain shapes,3,2,2
50356,44,2,rope,accessories,1,1,1
50357,44,2,rope,bondage,2,1,1
50358,44,2,rope,decoration,1,1,1
50359,44,2,rope,fishing,2,1,1
50360,44,2,rope,fuse/wick,3,3,2
50361,44,2,rope,jewelry,2,2,2
50362,44,2,rope,knitting,3,3,2
50363,44,2,rope,net,2,1,1
50364,44,2,rope,noose,2,1,1
50365,44,2,rope,splatter paint,3,3,2
50366,44,2,rope,stilts,2,3,2
50367,44,2,rope,tight,1,1,1
50368,44,2,rope,tin can phone,1,1,2
50369,44,2,rope,whip,2,1,1
50370,45,2,rope,help to decorate a room,2,2,2
50371,45,2,rope,outlining a picture frame,3,3,2
50372,46,2,rope,a pully to cut the lights on and off,1,3,1
50373,46,2,rope,device to slide from one place to the next,2,2,1
50374,46,2,rope,fridge opener,2,2,2
50375,47,2,rope,if you unravel it you could use it as kindling for a fire,3,3,2
50376,47,2,rope,you cold use it to jump or exercise,1,1,1
50377,47,2,rope,you could use as a leash,2,1,1
50378,47,2,rope,you could use it as a clothing accessory or belt,2,1,1
50379,47,2,rope,you could use it as a weapon,1,1,1
50380,47,2,rope,you could use it as leverage to move something heavy,2,2,1
50381,47,2,rope,you could use it to climb something,2,1,1
50382,47,2,rope,you could use it to put your hair up,2,2,2
50383,47,2,rope,you could use it to tie something of yours down so that it would not get stolen,2,2,1
50384,47,2,rope,you could use it to tie things together,1,1,1
50385,47,2,rope,you could use it to tie up something to swing on,2,1,1
50386,48,2,rope,as a scarf,3,2,2
50387,48,2,rope,dancing,1,1,2
50388,48,2,rope,dog leash,2,1,1
50389,48,2,rope,exercise,2,1,1
50390,48,2,rope,gym class,2,1,1
50391,48,2,rope,hanging,2,1,1
50392,48,2,rope,jump,1,1,1
50393,48,2,rope,leashing your child in public,2,1,1
50394,48,2,rope,pulling a car,1,1,1
50395,48,2,rope,pulling a wagon,2,1,1
50396,48,2,rope,tug of war,1,1,1
50397,48,2,rope,using it to fetch your remote  etc. across the room,2,3,1
50398,49,2,rope,become Tarzan and swing like a monkey from branch to branch,2,1,2
50399,49,2,rope,cut it into pieces and make a trail to where you are going so you will not get lost coming back,4,4,2
50400,49,2,rope,hit people with it,2,1,1
50401,49,2,rope,keep an animal in the yard,2,1,1
50402,49,2,rope,make jewelry,2,2,1
50403,49,2,rope,play games with it jump,1,1,1
50404,49,2,rope,tie different knots like in boy scouts,1,1,1
50405,49,2,rope,tie people up,1,1,1
50406,49,2,rope,tie to cars together and try to drive them away from each other to see if the or the bumper of the cars will break,2,3,1
50407,49,2,rope,unravel it,2,1,2
50408,50,2,rope,anchor,2,1,1
50409,50,2,rope,belt,2,1,1
50410,50,2,rope,hair band,2,1,2
50411,50,2,rope,hair tie,2,1,2
50412,50,2,rope,hold things together,1,1,1
50413,50,2,rope,instrument,2,2,2
50414,50,2,rope,pull people around with,2,1,1
50415,50,2,rope,teaching tool,1,1,2
50416,50,2,rope,tie,1,1,1
50417,50,2,rope,tie someone up with,1,1,1
50418,50,2,rope,whip,2,1,1
50419,51,2,rope,a belt,2,1,1
50420,51,2,rope,tie a box onto the top of the car,1,1,1
50421,51,2,rope,tie a little piece together and make a ring for your finger,2,2,2
50422,51,2,rope,to close an object,2,1,1
50423,51,2,rope,to gather cords together,2,2,1
50424,51,2,rope,to help you climb up and down something,2,1,1
50425,51,2,rope,to tie things together,1,1,1
50426,52,2,rope,Jump,1,1,1
50427,52,2,rope,leash for a dog,2,1,1
50428,52,2,rope,Section off space,2,1,1
50429,53,2,rope,A path reminder,3,3,1
50430,53,2,rope,Belt,2,1,1
50431,53,2,rope,Cut it up and use as  spaghetti noodles for a game of House,5,4,2
50432,53,2,rope,Light switch from the ceiling fan,2,1,2
50433,53,2,rope,Make a pair of underwear i.e. a thong,3,3,3
50434,53,2,rope,Scarf,3,2,2
50435,54,2,rope,a belt,2,1,1
50436,54,2,rope,A dog leash,2,1,1
50437,54,2,rope,a hair band,2,1,2
50438,54,2,rope,to hold a chair together,2,1,1
50439,54,2,rope,to hold the trunk of your car closed,2,2,2
50440,54,2,rope,To pull a car out of a ditch,2,2,1
50441,55,2,rope,attaching to four wheeler a sled,2,2,1
50442,55,2,rope,child safety,2,2,1
50443,55,2,rope,climbing,2,1,1
50444,55,2,rope,confine items on top of car,1,1,1
50445,55,2,rope,constrain items in bed of pick up truck,1,2,1
50446,55,2,rope,crafts,1,1,1
50447,55,2,rope,hangman's noose,2,4,1
50448,55,2,rope,hold things together,1,1,1
50449,55,2,rope,keep something in place,2,1,1
50450,55,2,rope,keeping a door closed,2,2,1
50451,55,2,rope,pulling something out that is stuck,1,1,1
50452,55,2,rope,swinging,2,1,1
50453,55,2,rope,tie items in trailer of tractor trailer,1,3,1
50454,55,2,rope,tie off an area,2,1,1
50455,55,2,rope,tug of war,1,1,1
50457,56,2,rope,you can tie the around a person and make them your pet,4,3,2
50458,56,2,rope,you can tie the to one door knob on one door  then another door knob on a different door and make two people try to open their door and pulling one shut its very entertaining,4,3,2
50459,56,2,rope,you can use the as a swing like you are Tarzan then you might end up getting hurt but that's ok,2,2,2
50460,57,2,rope,attaching two things together,1,1,1
50461,57,2,rope,jump,1,1,1
50462,57,2,rope,playing red rover,1,3,1
50463,57,2,rope,climbing,2,1,1
50464,57,2,rope,swing,2,1,1
50465,57,2,rope,tug of war,1,1,1
50468,58,2,rope,craft together a flower,3,3,2
50469,58,2,rope,for kids to hold on to when they are on a field trip so they don't get lost,3,2,2
50470,58,2,rope,measure somebody's height,3,2,2
50471,58,2,rope,tie it to a tree and use it to swing into the lake,2,1,1
50472,59,2,rope,bandage,3,2,2
50473,59,2,rope,fill in a hole,3,2,2
50474,59,2,rope,fishing,2,1,1
50475,59,2,rope,head band,2,1,2
50476,59,2,rope,hold stuff,1,1,1
50477,59,2,rope,phone,1,1,1
50478,59,2,rope,ring,2,2,2
50479,59,2,rope,ruler,3,2,2
50480,59,2,rope,scarf,3,2,2
50481,59,2,rope,to find something,1,1,1
50482,60,2,rope,in a dance,2,2,1
50483,60,2,rope,in a play,2,2,1
50484,60,2,rope,make a necklace,2,1,2
50485,60,2,rope,make carpet,4,2,2
50486,60,2,rope,make Jewry,2,2,1
50487,60,2,rope,phone case,1,2,2
50488,60,2,rope,play music with,2,2,1
50489,60,2,rope,shoe laces,2,1,1
50490,60,2,rope,show improvement,1,3,2
50491,60,2,rope,tie people together that are in a fight that needs solved,2,3,2
50492,60,2,rope,tug war,1,1,1
50493,60,2,rope,use as a party game,1,2,1
50494,60,2,rope,use for a belt,2,1,1
50495,60,2,rope,use for clothing,1,1,1
50496,60,2,rope,use on misbehaved children,2,2,1
50497,60,2,rope,wedding ring,2,3,2
50498,61,2,rope,belt,2,1,1
50499,61,2,rope,combine it with a box and make a backpack,4,4,2
50500,61,2,rope,fashion,2,2,2
50501,61,2,rope,measuring device,3,2,2
50502,61,2,rope,money,1,2,2
50503,61,2,rope,Toy,2,1,1
50504,62,2,rope,an anchor,2,1,1
50505,62,2,rope,currency,2,2,2
50506,62,2,rope,trap,2,1,1
50507,62,2,rope,whip,2,1,1
50508,63,2,rope,holding a boat down,1,1,1
50509,63,2,rope,jumping roping,1,1,1
50510,63,2,rope,keep something close,2,1,1
50511,63,2,rope,leash for a dog,2,1,1
50512,63,2,rope,mark your place in a book,3,3,2
50513,63,2,rope,pull from out the water,2,1,1
50514,63,2,rope,swinging from tree,2,1,2
50515,63,2,rope,swinging into the water,2,1,1
50516,63,2,rope,tie,1,1,1
50517,63,2,rope,tie cans together,1,1,2
50518,63,2,rope,tie something to the top of a car,1,1,1
50519,63,2,rope,walking the dog,2,1,1
50520,64,2,rope,If you disassemble the  then tie all the strings back together you could make a jump,2,2,2
50521,64,2,rope,If you tie it around you knuckles  you could use it to hit someone and leave a mark,3,3,1
50522,64,2,rope,Pretend that it is a whip and play as a superhero,2,2,2
50523,65,2,rope,making a necklace,2,1,2
50524,65,2,rope,to hold something together,1,1,1
50525,65,2,rope,to make a toy animal,3,2,2
50526,65,2,rope,use it as trim on your furniture,2,3,2
50527,66,2,rope,A can be used as a way to measure how much weight you've lost instead of using measuring tape As you make progress  mark or cut a slit into the  displaying how many inches you've lost,3,4,4
50528,66,2,rope,Within my dorm room  I could tie a from my bed post to the light switch Before I go to sleep  I can gently push down on the  causing it to turn the lights off without me having to get out of the bed,3,3,1
50529,67,2,rope,dog leash,2,1,1
50530,67,2,rope,friendship bracelets,2,2,2
50531,67,2,rope,hanging a picture,2,2,1
50532,67,2,rope,holding something together,1,1,1
50533,67,2,rope,line to hang clothes on,2,1,1
50534,67,2,rope,make a picture frame out of,3,2,2
50535,67,2,rope,making a cross,2,2,2
50536,67,2,rope,making a swing,2,1,1
50537,67,2,rope,of restricted area,2,2,1
50538,67,2,rope,use as a device to keep children in a line they hold on to the,2,3,2
50539,67,2,rope,use as a measuring tool,2,2,2
50540,67,2,rope,use for games,1,1,1
50541,67,2,rope,use to denote were something is placed or hung such as a picture on a wall,3,1,2
50542,68,2,rope,Belt,2,1,1
50543,68,2,rope,Bracelet,2,1,2
50544,68,2,rope,Carrier,1,1,1
50545,68,2,rope,Fishing Line,2,1,1
50546,68,2,rope,Headband,2,1,2
50547,68,2,rope,Leash,2,1,1
50548,68,2,rope,Necklace,2,1,2
50549,68,2,rope,Ring Object,2,2,2
50550,68,2,rope,Ruler,3,2,2
50551,68,2,rope,Ruler,3,2,2
50552,68,2,rope,Shoelace,2,1,1
50553,68,2,rope,Striking Object,1,1,1
50554,71,2,rope,cut it into pieces to create a work of art,2,2,1
50555,71,2,rope,make it into a necklace,2,1,2
50556,71,2,rope,play limbo,2,2,1
50557,71,2,rope,pull a car,2,1,1
50558,71,2,rope,to tie hair,1,1,2
50559,71,2,rope,use it as a jump,1,1,1
50560,72,2,rope,decorate,1,1,1
50561,72,2,rope,jump,1,1,1
50562,72,2,rope,measure,3,2,2
50563,72,2,rope,tie together,1,1,1
50564,72,2,rope,workout,2,1,1
50565,75,2,rope,A belt,2,1,1
50566,75,2,rope,A bowl,1,2,2
50567,75,2,rope,A hair tie,2,1,2
50568,75,2,rope,Earrings,2,2,2
50569,75,2,rope,Necklace,2,1,2
50570,75,2,rope,Rings,2,2,2
50571,75,2,rope,Sandals,4,2,2
50572,76,2,rope,belt,2,1,1
50573,76,2,rope,bracelet,2,1,2
50574,76,2,rope,braid,2,2,2
50575,76,2,rope,brush,4,2,2
50576,76,2,rope,dog toy,2,1,1
50577,76,2,rope,hair tie,2,1,2
50578,76,2,rope,jewelry,2,2,2
50579,76,2,rope,make a wallet,2,2,2
50580,76,2,rope,to make hair for a doll,3,2,2
50581,77,2,rope,boarder,2,2,1
50582,77,2,rope,exercise tool,2,1,1
50583,77,2,rope,lasso,2,1,1
50584,77,2,rope,whip,2,1,1
50585,78,2,rope,Draw or paint an abstract piece of art using a section of viewed close up,4,3,2
50586,78,2,rope,Place a piece of under a microscope and examine the fibers Then  you could try to represent what you see using objects to make a collage,3,4,2
50587,78,2,rope,Take the apart and use the individual strands as hair for a doll,4,3,3
50588,79,2,rope,belt,2,1,1
50589,79,2,rope,hair tie,2,1,2
50590,79,2,rope,leash,2,1,1
50591,79,2,rope,necklace,2,1,2
50592,79,2,rope,swing,2,1,1
50593,79,2,rope,tug of war,1,1,1
50594,79,2,rope,use to tie to a car and a sled and use for sledding,2,2,2
50595,80,2,rope,Hang it on a wall to divide it up,2,2,2
50596,80,2,rope,jump,1,1,1
50597,80,2,rope,us it for tug of war,1,1,1
50598,80,2,rope,use it as a dog toy,2,1,1
50599,80,2,rope,use it to tie a bouquet of flowers together,3,2,2
50600,80,2,rope,use it with your drapes around a window either to tie them back  or put a tassel on the end for decoration,2,2,2
50601,80,2,rope,Wear it as a headband,2,2,2
50602,80,2,rope,Wrap it around your waist  leg or arm as an accessory,2,1,1
50603,81,2,rope,Suspend your television from the ceiling,3,3,2
50604,81,2,rope,Use it to build a bridge across the chasm to escape enemies,4,3,3
50605,81,2,rope,Use it to climb a sheer cliff to escape an angry Yeti,4,3,3
50606,81,2,rope,Use it to help your friends climb out of the hole they just dug to trap a Heffalump,4,1,5
50607,81,2,rope,Use it to steal the idol  Indiana Jones style,2,2,2
50608,81,2,rope,Use the as reins for your dragon,5,3,4
50609,82,2,rope,bungy cord,2,1,1
50610,82,2,rope,lasso,2,1,1
50611,82,2,rope,leash,2,1,1
50612,82,2,rope,support,2,1,1
50613,82,2,rope,tie,1,1,1
50614,82,2,rope,tight,1,1,1
50615,82,2,rope,weapon,1,1,1
50616,82,2,rope,whip,2,1,1
50617,82,2,rope,zip line,2,1,1
50618,83,2,rope,cat toy,2,2,1
50619,83,2,rope,extension to a ceiling fan string,2,2,2
50620,83,2,rope,ghetto swing,3,3,2
50621,83,2,rope,hair bow,2,1,2
50622,83,2,rope,makeshift ladder,2,2,1
50623,83,2,rope,measuring things,3,2,2
50624,83,2,rope,put an old book back together,2,4,2
50625,83,2,rope,tie a toga around yourself,1,3,3
50626,83,2,rope,use it as a headband,2,1,2
50627,84,2,rope,headbands,2,1,2
50628,84,2,rope,can be used as bookbag strings instead of the normal ones,3,3,1
50629,84,2,rope,can be used as jewelry,2,1,1
50630,84,2,rope,take the apart and use the strings as pieces of hair,4,2,3
50631,84,2,rope,to hang picture frames,2,2,2
50632,85,2,rope,break each strand apart and create a wig,4,2,2
50633,85,2,rope,cut it up in equal length pieces and paint them red so I can trick someone into thinking it is licorice,5,5,3
50634,85,2,rope,make a lasso and catch a shark,3,1,2
50635,86,2,rope,hang a criminal,2,1,1
50636,86,2,rope,hang up items in the air,2,1,1
50637,86,2,rope,play jump,1,1,1
50638,86,2,rope,set up a swing,2,1,1
50639,86,2,rope,swing around a tree,2,1,1
50640,86,2,rope,tie things down,1,1,1
50641,86,2,rope,tie things together,1,1,1
50642,86,2,rope,use as a leash for a dog,2,1,1
50643,87,2,rope,belt,2,1,1
50644,87,2,rope,fishing rod,2,1,1
50645,87,2,rope,something to anchor you to something else,2,1,1
50646,87,2,rope,weapon,1,1,1
50647,88,2,rope,You can tie your keys to your belt so you wont loose them,3,3,1
50648,88,2,rope,You can use as a measuring device,2,2,2
50649,88,2,rope,you can use to hang a tv instead of on the wall,3,3,2
50650,88,2,rope,You can use the to tie up your hair,2,1,2
50651,88,2,rope,You can wrap the around your neck to keep warm,4,3,2
50652,88,2,rope,You can wrap your knuckles with before fighting,3,2,2
50653,89,2,rope,a bodily decoration,2,2,1
50654,89,2,rope,a container,1,2,2
50655,89,2,rope,a pillow,4,2,2
50656,89,2,rope,a strap for a remote,3,3,2
50657,89,2,rope,a whip,3,1,1
50658,91,2,rope,create boundaries,2,3,1
50659,91,2,rope,dog leash,2,1,1
50660,91,2,rope,kid leash,2,1,1
50661,91,2,rope,pull a sled,2,1,1
50662,91,2,rope,pull someone out a burning building,2,3,2
50663,91,2,rope,swing,2,1,1
50664,91,2,rope,transport objects to higher level,3,1,1
50665,92,2,rope,art,2,1,1
50666,92,2,rope,belt,2,1,1
50667,92,2,rope,clothing,2,1,2
50668,92,2,rope,curtain tie,2,2,2
50669,92,2,rope,headband,2,1,2
50670,92,2,rope,heart,1,2,1
50671,92,2,rope,necklace,2,1,2
50672,92,2,rope,take the and put lights around it and hang it up,5,4,2
50673,93,2,rope,Making spaghetti,2,2,4
50674,93,2,rope,Swing the around to transport you somewhere else,2,1,1
50675,93,2,rope,Use as a candle,2,3,3
50676,93,2,rope,Use as hair,2,1,2
50677,94,2,rope,bracelet,2,1,2
50678,94,2,rope,cut it in half and use it as dangly earrings,3,3,2
50679,94,2,rope,jump,1,1,1
50680,94,2,rope,make it a necklace,2,1,2
50681,94,2,rope,shoe string,2,1,1
50682,94,2,rope,take it a part and put it on a dummy and do its hair if you're a girl,4,3,2
50683,94,2,rope,take the and let someone hold one end and you hold the other end and hold it across the street so cars cant pass,3,3,3
50684,94,2,rope,use it as a belt,2,1,1
50685,94,2,rope,use it as a fishing pole,2,2,1
50686,94,2,rope,use it as a sex toy,2,2,2
50687,95,2,rope,cowboy impersonations,3,2,2
50688,95,2,rope,hostage situation,2,2,1
50689,95,2,rope,leash for children,2,1,1
50690,95,2,rope,sexual pleasure,2,1,2
50691,96,2,rope,Attach do your door knob for when you want to open the door just pull the as long as the door isn't closed all the way,2,3,1
50692,96,2,rope,Hang the on your wall in a design  get clothespins and hang pictures from them,2,2,2
50693,96,2,rope,Make a creative design on your wall with hangings,3,2,2
50694,96,2,rope,Measure things,3,2,2
50695,97,2,rope,Indiana jones thing,2,1,2
50696,97,2,rope,lock something,2,1,1
50697,97,2,rope,throw down your window,1,2,1
50698,97,2,rope,tie someone up,1,1,1
50699,97,2,rope,to chew on,2,1,2
50700,97,2,rope,to choke yourself with,2,1,1
50701,97,2,rope,to drag something with,1,1,1
50702,97,2,rope,to hang stuff with,1,1,1
50703,97,2,rope,to hit someone with,2,1,1
50704,97,2,rope,to mark your territory,3,3,1
50705,97,2,rope,to play with,1,1,1
50706,97,2,rope,to pull on,1,1,1
50707,97,2,rope,to tie something with,1,1,1
50708,97,2,rope,to un-braid the,3,2,1
50709,97,2,rope,to wear around your waist,2,1,1
50710,97,2,rope,to wear in your hair,2,1,2
50711,97,2,rope,tug of war,1,1,1
50712,97,2,rope,use to hold something together,1,1,1
50713,98,2,rope,boat,1,1,1
50714,98,2,rope,brown,1,1,1
50715,98,2,rope,cattle,1,1,1
50716,98,2,rope,danger,1,1,1
50717,98,2,rope,get me out of here,1,1,1
50718,98,2,rope,guide,2,1,1
50719,98,2,rope,horse,1,1,1
50720,98,2,rope,I cant move,1,1,1
50721,98,2,rope,leave,1,1,1
50722,98,2,rope,long,1,1,1
50723,98,2,rope,mountain,1,1,1
50724,98,2,rope,need  help,2,1,1
50725,98,2,rope,no fun,1,1,1
50726,98,2,rope,pull,2,1,1
50727,98,2,rope,pulling for sport,1,1,1
50728,98,2,rope,rare,1,1,1
50729,98,2,rope,rock climb,2,1,1
50730,98,2,rope,skateboard,1,2,1
50731,98,2,rope,strong,1,1,1
50732,98,2,rope,stuck in mud,1,1,1
50733,98,2,rope,the rush rock climbing wall,1,1,1
50734,98,2,rope,throw,1,1,1
50735,98,2,rope,tie,1,1,1
50736,98,2,rope,tire,1,2,2
50737,98,2,rope,tug of war,1,1,1
50738,98,2,rope,water jump,1,2,2
50739,98,2,rope,water ski,1,2,2
50746,100,2,rope,ball,3,2,2
50747,100,2,rope,belt,2,1,1
50748,100,2,rope,bookbag strap,3,2,1
50749,100,2,rope,bracelet,2,1,2
50750,100,2,rope,confetti,4,3,2
50751,100,2,rope,dog leash,2,1,1
50752,100,2,rope,hair bow,2,2,2
50753,100,2,rope,handcuffs,2,2,1
50754,100,2,rope,necklace,2,1,2
50755,100,2,rope,shoestring,2,1,1
50756,101,2,rope,a puzzle,3,3,2
50757,101,2,rope,a skirt,1,2,2
50758,101,2,rope,a steering wheel,3,3,2
50759,101,2,rope,a swimming pool,1,1,1
50760,101,2,rope,a way of transportation,4,1,1
50761,101,2,rope,basement,1,1,1
50762,101,2,rope,maze,3,3,2
50763,101,2,rope,sink,1,1,1
50764,101,2,rope,vending,1,2,1
50765,102,2,rope,belt,2,1,1
50766,102,2,rope,jump,1,1,1
50767,102,2,rope,knotted to close something,2,1,1
50768,102,2,rope,necklace,2,1,2
50769,102,2,rope,swing,2,1,1
50770,102,2,rope,tie around two people's ankles walk together,1,1,2
50771,102,2,rope,tug of war,1,1,1
50772,103,2,rope,Make something geometric to hang on an interior or exterior wall,2,2,2
50773,103,2,rope,You could make a flower pot out of them by coiling it around something for its initial shape then use it as a flower pot or a trash can for that matter,3,4,2
50774,103,2,rope,You could make a giant spider web of sorts for your children to play on  for you to play on  or for you to use during Halloween,4,3,3
50775,103,2,rope,You could make a jungle gym with them outside,2,2,2
50776,103,2,rope,You could make clothing out of it A simple top or bottom,2,1,2
50777,103,2,rope,You could take the and hang your pictures around the room with them or decorative items,2,2,2
50778,104,2,rope,belt,2,1,1
50779,104,2,rope,hanger,2,2,1
50780,104,2,rope,jump,1,1,1
50781,104,2,rope,leash,2,1,1
50782,104,2,rope,weapon,1,1,1
50783,105,2,rope,Anchor On Boat,2,1,1
50784,105,2,rope,Belt,2,1,1
50785,105,2,rope,blind pull back,3,1,2
50786,105,2,rope,Blocking off Places,2,2,1
50787,105,2,rope,Crafts,1,1,1
50788,105,2,rope,Dog Leash,2,1,1
50789,105,2,rope,Hair Tie,2,1,2
50790,105,2,rope,handcuffs,2,2,1
50791,105,2,rope,Lasso,2,1,1
50792,105,2,rope,Measuring,3,2,2
50793,105,2,rope,pull someone on skateboard or something,2,2,2
50794,105,2,rope,Swing,2,1,1
50795,105,2,rope,threat,1,1,1
50796,105,2,rope,Tying books together like a satchel,3,2,1
50797,106,2,rope,cut it up and use the pieces to create a picture,3,2,2
50798,106,2,rope,use it as a jump,1,1,1
50799,106,2,rope,use it as a lasso to catch an animal,2,1,1
50800,106,2,rope,use it as a leash for your dog,2,1,1
50801,106,2,rope,use it as a separation in a room that you shar,2,3,1
50802,106,2,rope,use it to keep something in place,1,1,1
50803,106,2,rope,use it to strangle something,2,1,1
50804,106,2,rope,use it to tie things together,1,1,1
50805,106,2,rope,you can unwind the if it is made of twill and use it for curly decoration,3,3,2
50806,106,2,rope,you can use it to suspend things from high places,2,1,1
50807,107,2,rope,Belt,2,1,1
50808,107,2,rope,Decoration,1,1,1
50809,107,2,rope,Picture Frame,2,3,2
50810,107,2,rope,basket,2,3,1
50811,107,2,rope,belly button ring,2,2,2
50812,107,2,rope,bikini bottoms,3,2,2
50813,107,2,rope,bikini top,3,2,2
50814,107,2,rope,Blanket,2,2,2
50815,107,2,rope,bracelet,2,1,2
50816,107,2,rope,carpet,3,2,2
50817,107,2,rope,chair back,2,2,2
50818,107,2,rope,dress,1,1,2
50819,107,2,rope,earrings,2,1,2
50820,107,2,rope,hair,2,2,2
50821,107,2,rope,mail box,1,1,2
50822,107,2,rope,necklace,2,1,2
50823,107,2,rope,ring,2,2,2
50824,107,2,rope,shoes,2,1,2
50825,107,2,rope,toe ring,2,2,2
50826,107,2,rope,walls to a house,2,1,2
50827,108,2,rope,a blockade,2,1,1
50828,108,2,rope,basketball nets,1,1,2
50829,108,2,rope,creating a catapult,3,3,2
50830,108,2,rope,for a sail,2,2,1
50831,108,2,rope,holding back crowds,2,2,2
50832,108,2,rope,Indiana jones whip,2,1,2
50833,108,2,rope,noose,2,1,1
50834,108,2,rope,overalls,3,2,2
50835,108,2,rope,swing,2,1,1
50836,108,2,rope,sling shot,3,2,2
50837,108,2,rope,tug of war,1,1,1
50838,108,2,rope,used as a belt,2,1,1
50839,108,2,rope,wristbands,2,1,2
50840,109,2,rope,bracelet,2,1,2
50841,109,2,rope,ladder,2,1,1
50842,109,2,rope,swing,2,1,1
50843,109,2,rope,toy for pets,2,1,1
50844,110,2,rope,make a shoe out of,3,1,2
50845,110,2,rope,necklace,2,1,2
50846,110,2,rope,tie a hammer on the end of the and use it as a weapon,3,2,2
50847,110,2,rope,to hang for decoration in the house for curtains,2,3,2
50848,110,2,rope,use the as if it was a line and make art with the,2,1,2
50849,111,2,rope,belt,2,1,1
50850,111,2,rope,bracelet,2,1,2
50851,111,2,rope,carrying case,1,2,1
50852,111,2,rope,divider,2,1,1
50853,111,2,rope,eating utensil,2,2,2
50854,111,2,rope,glove,2,1,2
50855,111,2,rope,handle,3,1,1
50856,111,2,rope,hat,2,1,2
50857,111,2,rope,measurement of speed,3,2,2
50858,111,2,rope,nun chucks,4,3,2
50859,111,2,rope,propeller,4,2,2
50860,111,2,rope,sports equipment,1,1,1
50861,111,2,rope,stress reliever,1,3,2
50862,112,2,rope,a pretend snake,2,1,2
50863,112,2,rope,a pretend snail,2,3,2
50864,112,2,rope,to enslave someone,2,1,1
50865,112,2,rope,to exercise,2,1,1
50866,112,2,rope,to hold things together,1,1,1
50867,112,2,rope,to jump,1,1,1
50868,112,2,rope,to play,1,1,1
50869,113,2,rope,dog toy,2,1,1
50870,113,2,rope,measuring tool,3,2,2
50871,113,2,rope,spelling letters out,2,3,2
50872,113,2,rope,tie a knot with a to keep a box or some type of storage unit closed,1,1,1
50873,114,2,rope,belt,2,1,1
50874,114,2,rope,hair tie,2,1,2
50875,114,2,rope,hang decor,2,1,2
50876,115,2,rope,strap someone to a chair,2,1,1
50877,115,2,rope,tie a girl to the bed,1,1,2
50878,115,2,rope,tie a guy to the bed,1,1,2
50879,115,2,rope,tie a knot,1,1,1
50880,115,2,rope,tie someone's ankles to it,1,1,1
50881,115,2,rope,tie someone's wrists together,1,1,1
50882,115,2,rope,to tie a bag together,2,1,1
50883,115,2,rope,use for tug of war,1,1,1
50884,115,2,rope,use it as a weapon,1,1,1
50885,115,2,rope,use it in a woodshop experiment,1,2,2
50886,115,2,rope,wrap it around someone's mouth,1,2,2
50887,116,2,rope,belt,2,1,1
50888,116,2,rope,bondage fun,2,1,2
50889,116,2,rope,capture people,2,1,1
50890,116,2,rope,cheap wig,2,2,2
50891,116,2,rope,clothesline,2,1,1
50892,116,2,rope,fake snake,2,1,2
50893,116,2,rope,giant's shoelaces,5,2,2
50894,116,2,rope,harness,4,1,1
50895,116,2,rope,potential zipline,3,1,1
50896,116,2,rope,strangling things,2,1,1
50897,116,2,rope,underbudget whip,4,1,2
50898,117,2,rope,ankle bracelet,2,2,2
50899,117,2,rope,key chain,2,2,2
50900,117,2,rope,measuring tool,3,2,2
50901,117,2,rope,necklace,2,1,2
50902,117,2,rope,shoe lace,2,1,1
50903,117,2,rope,to hold down things,2,1,1
50904,117,2,rope,whip,2,1,1
50905,117,2,rope,wrist band,2,1,2
50906,118,2,rope,decoration,1,1,1
50907,118,2,rope,hang from,1,1,1
50908,118,2,rope,separate a room or area,2,2,1
50909,118,2,rope,tie one end it to a moving object bike  golf cart  then hang on to the other and let it pull you around,2,2,1
50910,118,2,rope,tug of war,1,1,1
50911,118,2,rope,use it for distance,2,1,2
50912,118,2,rope,use it to hang a sheet over it to dry it,2,1,2
50913,119,2,rope,arts and crafts,1,1,1
50914,119,2,rope,Clothing,2,1,2
50915,119,2,rope,dancing,1,1,2
50916,119,2,rope,hanging,2,1,1
50917,119,2,rope,jewelry,2,2,2
50918,119,2,rope,team building exercises,1,3,1
50919,119,2,rope,weapon,1,1,1
50920,119,2,rope,wedding ceremony,2,2,2
50921,121,2,rope,make it into a lasso,2,1,1
50922,121,2,rope,make it into some sort of jewelry,1,2,1
50923,121,2,rope,tie it in between two trees and make it into a tightrope,3,1,1
50924,121,2,rope,use it as a belt,2,1,1
50925,121,2,rope,use it as a boarder to a painting,3,3,2
50926,121,2,rope,use it as a system of measurement,2,2,2
50927,122,2,rope,belt,2,1,1
50928,122,2,rope,bracelet,2,1,2
50929,122,2,rope,guitar strap,3,3,2
50930,122,2,rope,headband,2,1,2
50931,122,2,rope,jump,1,1,1
50932,122,2,rope,keep the car trunk shut,2,2,1
50933,122,2,rope,knot,2,1,1
50934,122,2,rope,lasso,2,1,1
50935,122,2,rope,necklace,2,1,2
50936,122,2,rope,noose,2,1,1
50937,122,2,rope,shoelace,2,1,1
50938,122,2,rope,suspender,3,3,1
50939,123,2,rope,accessory,1,1,1
50940,123,2,rope,anchor,2,1,1
50941,123,2,rope,arrest,1,1,1
50942,123,2,rope,belt,2,1,1
50943,123,2,rope,bows,2,2,1
50944,123,2,rope,decoration,1,1,1
50945,123,2,rope,fish,2,1,1
50946,123,2,rope,hanging,2,1,1
50947,123,2,rope,holding someone up rock climbing,2,1,1
50948,123,2,rope,leash,2,1,1
50949,123,2,rope,needle,2,1,2
50950,123,2,rope,obtaining an object,2,1,1
50951,123,2,rope,pulling objects,1,1,1
50952,123,2,rope,shoe laces,2,1,1
50953,123,2,rope,string,2,1,1
50954,123,2,rope,tie knots,1,1,1
50955,123,2,rope,tug of war,1,1,1
50956,123,2,rope,weapon whip,2,1,1
50957,124,2,rope,belt,2,1,1
50958,124,2,rope,necklace,2,1,2
50959,124,2,rope,rug,3,2,2
50960,124,2,rope,swing,2,1,1
50961,126,2,rope,a swing,1,1,1
50962,126,2,rope,execution,2,1,1
50963,126,2,rope,finish line,2,2,1
50964,126,2,rope,jump,1,1,1
50965,126,2,rope,make letters,1,2,2
50966,126,2,rope,tie up somebody,1,1,1
50967,126,2,rope,tug a war,1,1,1
50968,126,2,rope,whip,2,1,1
50969,128,2,rope,you can line you comforter with it as a accent piece,3,4,2
50970,128,2,rope,you can use in a pair of jeans by pulling the apart into pieces and integrating it into a pattern,3,4,2
50971,128,2,rope,you can use it as a belt,2,1,1
50972,128,2,rope,you can use it as a necklace,2,1,2
50973,128,2,rope,you can use it to drape around your ceiling fan to create a sea voyage theme,3,5,2
50974,129,2,rope,anchor,2,1,1
50975,129,2,rope,crane,2,2,2
50976,129,2,rope,exercise,2,1,1
50977,129,2,rope,fence,3,2,1
50978,129,2,rope,hair tie,2,1,2
50979,129,2,rope,hold things together,1,1,1
50980,129,2,rope,horse driver,2,2,1
50981,129,2,rope,jewelry,2,2,2
50982,129,2,rope,ladder,2,1,1
50983,129,2,rope,lasso,2,1,1
50984,129,2,rope,pulley,1,1,1
50985,129,2,rope,punishment,1,1,1
50986,129,2,rope,weapon,1,1,1
50987,129,2,rope,winch,2,1,1
50988,130,2,rope,to catch a thief,2,2,1
50989,130,2,rope,to cause damage to one's self,1,1,1
50990,130,2,rope,to choke someone with,2,1,1
50991,130,2,rope,to climb down anything with,2,1,1
50992,130,2,rope,to entertain yourself by tying a knot,1,2,1
50993,130,2,rope,to get someone out of a hole,2,2,2
50994,130,2,rope,to hit someone with,2,1,1
50995,130,2,rope,to hold limbs broken appendages together until one can receive medical care,3,3,2
50996,130,2,rope,to tie something together,1,1,1
50997,130,2,rope,to use as a fire starter,4,2,2
50998,131,2,rope,belt,2,1,1
50999,131,2,rope,fill a pinata with,2,3,3
51000,131,2,rope,outline for hopscotch,4,3,2
51001,131,2,rope,streamers,4,2,2
51002,131,2,rope,tie it to a door handle of a public restaurant and pull the door open for people,3,4,2
51003,131,2,rope,wig,2,2,2
51004,132,2,rope,belt,2,1,1
51005,132,2,rope,headband,2,1,2
51006,132,2,rope,lock,2,1,1
51007,132,2,rope,necklace,2,1,2
51008,132,2,rope,ring,2,2,2
51009,134,2,rope,eraser,2,2,2
51010,134,2,rope,exercise machine,2,1,1
51011,134,2,rope,gripping things,3,1,1
51012,134,2,rope,hanging upside down,2,2,1
51013,134,2,rope,holding things down,1,1,1
51014,134,2,rope,lasso,2,1,1
51015,134,2,rope,leash,2,1,1
51016,134,2,rope,lifting weights,2,1,2
51017,134,2,rope,pet snake,2,1,2
51018,134,2,rope,practicing acrobatics,2,2,1
51019,134,2,rope,remote control,2,2,2
51020,134,2,rope,swinging from city to city,2,1,4
51021,134,2,rope,toy,2,1,1
51022,134,2,rope,transportation,1,1,1
51023,134,2,rope,weapon,1,1,1
51024,134,2,rope,whip,2,1,1
51025,135,2,rope,book mark,4,3,2
51026,135,2,rope,bracelet,2,1,2
51027,135,2,rope,cat toy,2,2,1
51028,135,2,rope,decorations,1,1,1
51029,135,2,rope,dress,2,1,1
51030,135,2,rope,pet,1,1,1
51031,135,2,rope,shoe lace,2,1,1
51032,136,2,rope,belt,2,1,1
51033,136,2,rope,bondage during sex,2,1,2
51034,136,2,rope,bondage for torture,2,1,1
51035,136,2,rope,clothes line,2,1,1
51036,136,2,rope,hammock,1,2,2
51037,136,2,rope,hang people,2,1,1
51038,136,2,rope,jump,1,1,1
51039,136,2,rope,lasso,2,1,1
51040,136,2,rope,tie things together,1,1,1
51041,136,2,rope,tree swing,1,1,1
51042,136,2,rope,trip people,2,1,1
51043,136,2,rope,tug a war,1,1,1
51044,136,2,rope,walk a dog,2,1,1
51045,136,2,rope,whip,2,1,1
51046,137,2,rope,Frame,3,2,2
51047,137,2,rope,Fuse,3,3,2
51048,137,2,rope,Give texture to a wall/art,2,2,2
51049,137,2,rope,Hair extensions,2,2,3
51050,137,2,rope,Headband,2,1,2
51051,137,2,rope,Light fixture,2,1,2
51052,137,2,rope,Material for clothing,4,2,2
51053,137,2,rope,Scrunchie,2,2,2
51054,137,2,rope,Vase,3,2,2
51055,137,2,rope,whip,2,1,1
51056,138,2,rope,a belt,2,1,1
51057,138,2,rope,a dress made of,2,1,2
51058,138,2,rope,a ladder,2,1,1
51059,138,2,rope,a swing,1,1,1
51060,138,2,rope,a seatbelt,3,2,2
51061,138,2,rope,shoelaces,2,1,1
51062,138,2,rope,tie the to the back of a car and ride on a skateboard while holding onto the,2,3,2
51063,138,2,rope,tug of war,1,1,1
51064,139,2,rope,Belt,2,1,1
51065,139,2,rope,Hair Tie,2,1,2
51066,139,2,rope,Handcuffs,2,2,1
51067,139,2,rope,Light Bulb Holder,2,1,2
51068,139,2,rope,Shoe String,2,1,1
51069,140,2,rope,belt,2,1,1
51070,140,2,rope,glue it around the frame of a picture,2,3,2
51071,140,2,rope,hang it from the ceiling and climb it for exercise,2,2,1
51072,140,2,rope,jump,1,1,1
51073,140,2,rope,lasso,2,1,1
51074,140,2,rope,necklace,2,1,2
51075,140,2,rope,tie it to a tire and tree for a tire swing,1,1,1
51076,140,2,rope,tie it to a tree and swing off it into a lake,2,1,1
51077,140,2,rope,wrap it around a vase for decoration,3,2,2
51078,141,2,rope,create art,2,1,1
51079,141,2,rope,floss your teeth,3,2,4
51080,141,2,rope,make a swing,2,1,1
51081,141,2,rope,make bracelets,2,1,2
51082,141,2,rope,seal open bags shut,3,2,1
51083,141,2,rope,soap on a,2,2,1
51084,141,2,rope,tie to a door knob so you won't have to get up to closed the door,2,3,1
51085,141,2,rope,use as a shoe string if small enough,2,1,2
51086,141,2,rope,use as belt,2,1,1
51087,142,2,rope,climbing down a high object,2,1,1
51088,142,2,rope,draping across a room for decoration,2,2,2
51089,142,2,rope,Playing Tug of war,1,1,1
51090,142,2,rope,Swinging from trees,2,1,2
51091,143,2,rope,Use it to pull a prank on people by for example tying someone's bikes together,2,2,2
51092,143,2,rope,Wind it several times around your torso and wear it as a tube top,4,5,2
51093,146,2,rope,dangling things,2,1,1
51094,146,2,rope,jump,1,1,1
51095,146,2,rope,noose,2,1,1
51096,146,2,rope,tight walking,1,1,1
51097,146,2,rope,tripping people,2,1,1
51099,146,2,rope,tying to doors together so neither can be opened,3,2,1
51100,146,2,rope,unwinding strands and tying them at ends to make the longer,2,2,2
51101,147,2,rope,as a blocker you cannot get in unless someone moves the,2,1,1
51102,147,2,rope,as a burn,2,1,2
51103,147,2,rope,as a ladder,2,1,1
51104,147,2,rope,as decoration around your beach house,2,2,2
51105,147,2,rope,as jewelry,2,2,1
51106,147,2,rope,to hang something,2,1,1
51107,148,2,rope,Build a bridge,2,2,2
51108,148,2,rope,Hang someone or something,2,1,1
51109,148,2,rope,Jump,1,1,1
51110,148,2,rope,Mountain climbing,2,1,1
51111,148,2,rope,used in goals,1,2,1
51112,148,2,rope,swing from tree to tree,2,1,1
51113,148,2,rope,Tie someone down,1,1,1
51114,148,2,rope,Tie something,1,1,1
51115,148,2,rope,Trip someone with it,2,1,1
51116,148,2,rope,Tug of war,1,1,1
51117,148,2,rope,Used with pulleys,1,1,1
51118,148,2,rope,Whip someone,2,1,1
51119,149,2,rope,as a whip,3,1,1
51120,149,2,rope,as boundaries for a fun game,2,2,1
51121,149,2,rope,as kindle for fire,3,2,2
51122,149,2,rope,as part of an outfit,2,2,2
51123,149,2,rope,collect water,5,2,2
51124,149,2,rope,to keep demons from entering your home,3,3,3
51125,149,2,rope,use it by the thread to make a silly hairdo,2,2,2
51126,150,2,rope,belt,2,1,1
51127,150,2,rope,handcuffs,2,2,1
51128,150,2,rope,headband,2,1,2
51129,150,2,rope,paint it  fake snake to scare friends,2,2,2
51130,150,2,rope,zip line,2,1,1
51131,151,2,rope,a leash for your pet,2,1,1
51132,151,2,rope,as a workout where you grab 2 ends of the and roll it in a wave motion,2,3,1
51133,151,2,rope,tie it to a post and use for tetherball,1,2,1
51134,151,2,rope,tie to a car to pull it out,1,2,1
51135,151,2,rope,use it as a alternative railing for steps,4,3,2
51136,151,2,rope,use it as a clothes hanger to dry your clothes outside,2,1,2
51137,151,2,rope,use it to swing around on,2,1,1
51138,152,2,rope,a hanging chair,2,3,1
51139,152,2,rope,a head band,3,1,2
51140,152,2,rope,a wig,3,2,2
51141,152,2,rope,monkey bars,3,3,2
51142,152,2,rope,to make a hanging bed,3,3,2
51143,153,2,rope,burn it for light,3,3,2
51144,153,2,rope,coil it to make a seat cushion,5,4,2
51145,153,2,rope,cross form one place to another,2,1,1
51146,153,2,rope,measure something,3,2,2
51147,153,2,rope,tie back hair,2,1,2
51148,153,2,rope,use it to help move heavy objects like a pulley,1,1,2
51149,153,2,rope,use it to make friction heat,5,3,2
51150,153,2,rope,use the fibers as thread for mending,5,3,2
51151,153,2,rope,weapon,1,1,1
51152,154,2,rope,Hang lights or decorations,2,2,2
51153,154,2,rope,Play tug of war,1,1,1
51154,154,2,rope,Tie a mattress to a car roof,1,1,1
51155,154,2,rope,Tie your dog to a tree or post,1,1,1
51156,155,2,rope,to decorate items with,1,1,1
51157,155,2,rope,to hang something from the ceiling,2,1,1
51158,155,2,rope,to make a headband,2,1,2
51159,155,2,rope,to play jump,1,1,1
51160,155,2,rope,to play tug a war,1,1,1
51161,155,2,rope,to pull a wagon,2,1,1
51162,155,2,rope,to tie someone up with,2,1,1
51163,155,2,rope,to use as a fan string,4,3,2
51164,155,2,rope,to use as a necklace,2,1,2
51165,155,2,rope,to use as a swing at a pool,2,1,1
51166,155,2,rope,to use as a whip,2,1,1
51167,156,2,rope,Tie it to something that you may need and drag it when desired,1,1,1
51168,157,2,rope,jump,1,1,1
51169,157,2,rope,tight walking,2,1,1
51170,157,2,rope,tug a war,1,1,1
51171,157,2,rope,use to pull something,1,1,1
51172,157,2,rope,using as a swing,2,1,1
